"","sp1","sp2","noWeight"
"1","s__Bifidobacterium_adolescentis","s__Bifidobacterium_bifidum",1
"2","s__Bifidobacterium_adolescentis","s__Bacteroides_dorei",1
"3","s__Bifidobacterium_adolescentis","s__Bacteroides_xylanisolvens",1
"4","s__Bifidobacterium_adolescentis","s__Alistipes_putredinis",1
"5","s__Bifidobacterium_adolescentis","s__Clostridium_sp_AM22_11AC",1
"6","s__Bifidobacterium_adolescentis","s__Lachnospira_pectinoschiza",1
"7","s__Bifidobacterium_adolescentis","s__Firmicutes_bacterium_CAG_83",1
"8","s__Bifidobacterium_adolescentis","s__Parasutterella_excrementihominis",1
"9","s__Bifidobacterium_bifidum","s__Bifidobacterium_longum",1
"10","s__Bifidobacterium_bifidum","s__Bacteroides_dorei",1
"11","s__Bifidobacterium_bifidum","s__Alistipes_putredinis",1
"12","s__Bifidobacterium_dentium","s__Ruminococcus_torques",1
"13","s__Bifidobacterium_longum","s__Collinsella_aerofaciens",1
"14","s__Bifidobacterium_longum","s__Bacteroides_coprocola",1
"15","s__Bifidobacterium_longum","s__Bacteroides_eggerthii",1
"16","s__Bifidobacterium_longum","s__Bacteroides_stercoris",1
"17","s__Bifidobacterium_longum","s__Coprobacter_secundus",1
"18","s__Bifidobacterium_longum","s__Odoribacter_splanchnicus",1
"19","s__Bifidobacterium_longum","s__Alistipes_finegoldii",1
"20","s__Bifidobacterium_longum","s__Alistipes_obesi",1
"21","s__Bifidobacterium_longum","s__Alistipes_putredinis",1
"22","s__Bifidobacterium_longum","s__Alistipes_shahii",1
"23","s__Bifidobacterium_longum","s__Parabacteroides_merdae",1
"24","s__Bifidobacterium_longum","s__Clostridium_sp_AM22_11AC",1
"25","s__Bifidobacterium_longum","s__Blautia_obeum",1
"26","s__Bifidobacterium_longum","s__Coprococcus_comes",1
"27","s__Bifidobacterium_longum","s__Dorea_longicatena",1
"28","s__Bifidobacterium_longum","s__Eubacterium_siraeum",1
"29","s__Bifidobacterium_longum","s__Subdoligranulum_sp",1
"30","s__Bifidobacterium_longum","s__Holdemania_filiformis",1
"31","s__Bifidobacterium_longum","s__Firmicutes_bacterium_AF16_15",1
"32","s__Bifidobacterium_longum","s__Firmicutes_bacterium_CAG_124",1
"33","s__Bifidobacterium_longum","s__Parasutterella_excrementihominis",1
"34","s__Bifidobacterium_longum","s__Proteobacteria_bacterium_CAG_139",1
"35","s__Collinsella_aerofaciens","s__Bacteroides_cellulosilyticus",1
"36","s__Collinsella_aerofaciens","s__Bacteroides_coprocola",1
"37","s__Collinsella_aerofaciens","s__Bacteroides_stercoris",1
"38","s__Collinsella_aerofaciens","s__Coprobacter_secundus",1
"39","s__Collinsella_aerofaciens","s__Butyricimonas_synergistica",1
"40","s__Collinsella_aerofaciens","s__Butyricimonas_virosa",1
"41","s__Collinsella_aerofaciens","s__Odoribacter_splanchnicus",1
"42","s__Collinsella_aerofaciens","s__Alistipes_indistinctus",1
"43","s__Collinsella_aerofaciens","s__Alistipes_obesi",1
"44","s__Collinsella_aerofaciens","s__Eubacterium_sp_36_13",1
"45","s__Collinsella_aerofaciens","s__Blautia_obeum",1
"46","s__Collinsella_aerofaciens","s__Coprococcus_comes",1
"47","s__Collinsella_aerofaciens","s__Dorea_formicigenerans",1
"48","s__Collinsella_aerofaciens","s__Roseburia_hominis",1
"49","s__Collinsella_aerofaciens","s__Subdoligranulum_sp",1
"50","s__Collinsella_aerofaciens","s__Holdemania_filiformis",1
"51","s__Collinsella_aerofaciens","s__Firmicutes_bacterium_AF16_15",1
"52","s__Collinsella_aerofaciens","s__Firmicutes_bacterium_CAG_114",1
"53","s__Collinsella_aerofaciens","s__Proteobacteria_bacterium_CAG_139",1
"54","s__Eggerthella_lenta","s__Hungatella_hathewayi",1
"55","s__Eggerthella_lenta","s__Ruminococcus_gnavus",1
"56","s__Eggerthella_lenta","s__Clostridium_clostridioforme",1
"57","s__Eggerthella_lenta","s__Erysipelatoclostridium_ramosum",1
"58","s__Eggerthella_sp_CAG_298","s__Alistipes_obesi",1
"59","s__Eggerthella_sp_CAG_298","s__Eubacterium_hallii",1
"60","s__Eggerthella_sp_CAG_298","s__Clostridium_citroniae",1
"61","s__Bacteroides_caccae","s__Bacteroides_ovatus",1
"62","s__Bacteroides_caccae","s__Bacteroides_stercoris",1
"63","s__Bacteroides_caccae","s__Bacteroides_thetaiotaomicron",1
"64","s__Bacteroides_caccae","s__Bacteroides_vulgatus",1
"65","s__Bacteroides_caccae","s__Odoribacter_splanchnicus",1
"66","s__Bacteroides_caccae","s__Alistipes_obesi",1
"67","s__Bacteroides_caccae","s__Alistipes_putredinis",1
"68","s__Bacteroides_caccae","s__Parabacteroides_merdae",1
"69","s__Bacteroides_caccae","s__Lawsonibacter_asaccharolyticus",1
"70","s__Bacteroides_caccae","s__Anaerostipes_hadrus",1
"71","s__Bacteroides_caccae","s__Ruminococcus_torques",1
"72","s__Bacteroides_caccae","s__Coprococcus_comes",1
"73","s__Bacteroides_caccae","s__Eubacterium_siraeum",1
"74","s__Bacteroides_caccae","s__Holdemania_filiformis",1
"75","s__Bacteroides_caccae","s__Phascolarctobacterium_faecium",1
"76","s__Bacteroides_cellulosilyticus","s__Bacteroides_stercoris",1
"77","s__Bacteroides_cellulosilyticus","s__Barnesiella_intestinihominis",1
"78","s__Bacteroides_cellulosilyticus","s__Butyricimonas_synergistica",1
"79","s__Bacteroides_cellulosilyticus","s__Butyricimonas_virosa",1
"80","s__Bacteroides_cellulosilyticus","s__Clostridium_sp_CAG_122",1
"81","s__Bacteroides_cellulosilyticus","s__Lawsonibacter_asaccharolyticus",1
"82","s__Bacteroides_cellulosilyticus","s__Dorea_formicigenerans",1
"83","s__Bacteroides_cellulosilyticus","s__Subdoligranulum_sp",1
"84","s__Bacteroides_cellulosilyticus","s__Subdoligranulum_sp_APC924_74",1
"85","s__Bacteroides_cellulosilyticus","s__Firmicutes_bacterium_CAG_129",1
"86","s__Bacteroides_cellulosilyticus","s__Firmicutes_bacterium_CAG_65_45_313",1
"87","s__Bacteroides_cellulosilyticus","s__Bilophila_wadsworthia",1
"88","s__Bacteroides_coprocola","s__Alistipes_obesi",1
"89","s__Bacteroides_dorei","s__Bacteroides_eggerthii",1
"90","s__Bacteroides_dorei","s__Bacteroides_xylanisolvens",1
"91","s__Bacteroides_dorei","s__Clostridium_sp_AM22_11AC",1
"92","s__Bacteroides_dorei","s__Hungatella_hathewayi",1
"93","s__Bacteroides_dorei","s__Coprococcus_comes",1
"94","s__Bacteroides_dorei","s__Eubacterium_siraeum",1
"95","s__Bacteroides_dorei","s__Parasutterella_excrementihominis",1
"96","s__Bacteroides_eggerthii","s__Ruminococcus_torques",1
"97","s__Bacteroides_eggerthii","s__Coprococcus_comes",1
"98","s__Bacteroides_eggerthii","s__Lachnospira_pectinoschiza",1
"99","s__Bacteroides_eggerthii","s__Eubacterium_siraeum",1
"100","s__Bacteroides_eggerthii","s__Phascolarctobacterium_faecium",1
"101","s__Bacteroides_eggerthii","s__Parasutterella_excrementihominis",1
"102","s__Bacteroides_finegoldii","s__Bacteroides_massiliensis",1
"103","s__Bacteroides_finegoldii","s__Odoribacter_splanchnicus",1
"104","s__Bacteroides_finegoldii","s__Alistipes_shahii",1
"105","s__Bacteroides_finegoldii","s__Parabacteroides_merdae",1
"106","s__Bacteroides_finegoldii","s__Ruminococcus_torques",1
"107","s__Bacteroides_finegoldii","s__Coprococcus_comes",1
"108","s__Bacteroides_finegoldii","s__Phascolarctobacterium_faecium",1
"109","s__Bacteroides_finegoldii","s__Parasutterella_excrementihominis",1
"110","s__Bacteroides_finegoldii","s__Proteobacteria_bacterium_CAG_139",1
"111","s__Bacteroides_fragilis","s__Alistipes_putredinis",1
"112","s__Bacteroides_fragilis","s__Akkermansia_muciniphila",1
"113","s__Bacteroides_intestinalis","s__Odoribacter_splanchnicus",1
"114","s__Bacteroides_intestinalis","s__Alistipes_shahii",1
"115","s__Bacteroides_intestinalis","s__Parabacteroides_merdae",1
"116","s__Bacteroides_intestinalis","s__Roseburia_inulinivorans",1
"117","s__Bacteroides_intestinalis","s__Eubacterium_siraeum",1
"118","s__Bacteroides_massiliensis","s__Bacteroides_salyersiae",1
"119","s__Bacteroides_massiliensis","s__Clostridium_sp_CAG_122",1
"120","s__Bacteroides_massiliensis","s__Eubacterium_ramulus",1
"121","s__Bacteroides_massiliensis","s__Roseburia_hominis",1
"122","s__Bacteroides_massiliensis","s__Ruthenibacterium_lactatiformans",1
"123","s__Bacteroides_massiliensis","s__Acidaminococcus_intestini",1
"124","s__Bacteroides_massiliensis","s__Proteobacteria_bacterium_CAG_139",1
"125","s__Bacteroides_nordii","s__Intestinimonas_butyriciproducens",1
"126","s__Bacteroides_nordii","s__Eubacterium_sp_CAG_38",1
"127","s__Bacteroides_nordii","s__Dorea_formicigenerans",1
"128","s__Bacteroides_nordii","s__Oscillibacter_sp_57_20",1
"129","s__Bacteroides_ovatus","s__Bacteroides_stercoris",1
"130","s__Bacteroides_ovatus","s__Bacteroides_thetaiotaomicron",1
"131","s__Bacteroides_ovatus","s__Bacteroides_vulgatus",1
"132","s__Bacteroides_ovatus","s__Bacteroides_xylanisolvens",1
"133","s__Bacteroides_ovatus","s__Odoribacter_splanchnicus",1
"134","s__Bacteroides_ovatus","s__Alistipes_finegoldii",1
"135","s__Bacteroides_ovatus","s__Alistipes_obesi",1
"136","s__Bacteroides_ovatus","s__Alistipes_putredinis",1
"137","s__Bacteroides_ovatus","s__Alistipes_shahii",1
"138","s__Bacteroides_ovatus","s__Parabacteroides_distasonis",1
"139","s__Bacteroides_ovatus","s__Parabacteroides_merdae",1
"140","s__Bacteroides_ovatus","s__Ruminococcus_torques",1
"141","s__Bacteroides_ovatus","s__Coprococcus_comes",1
"142","s__Bacteroides_ovatus","s__Eubacterium_rectale",1
"143","s__Bacteroides_ovatus","s__Roseburia_hominis",1
"144","s__Bacteroides_ovatus","s__Faecalibacterium_prausnitzii",1
"145","s__Bacteroides_ovatus","s__Eubacterium_siraeum",1
"146","s__Bacteroides_ovatus","s__Phascolarctobacterium_faecium",1
"147","s__Bacteroides_salyersiae","s__Odoribacter_splanchnicus",1
"148","s__Bacteroides_salyersiae","s__Alistipes_shahii",1
"149","s__Bacteroides_salyersiae","s__Parabacteroides_merdae",1
"150","s__Bacteroides_salyersiae","s__Ruminococcus_torques",1
"151","s__Bacteroides_salyersiae","s__Coprococcus_comes",1
"152","s__Bacteroides_salyersiae","s__Phascolarctobacterium_faecium",1
"153","s__Bacteroides_salyersiae","s__Parasutterella_excrementihominis",1
"154","s__Bacteroides_salyersiae","s__Proteobacteria_bacterium_CAG_139",1
"155","s__Bacteroides_stercoris","s__Bacteroides_thetaiotaomicron",1
"156","s__Bacteroides_stercoris","s__Alistipes_putredinis",1
"157","s__Bacteroides_stercoris","s__Parabacteroides_distasonis",1
"158","s__Bacteroides_stercoris","s__Parabacteroides_merdae",1
"159","s__Bacteroides_stercoris","s__Ruminococcus_torques",1
"160","s__Bacteroides_stercoris","s__Coprococcus_comes",1
"161","s__Bacteroides_stercoris","s__Dorea_longicatena",1
"162","s__Bacteroides_stercoris","s__Eubacterium_siraeum",1
"163","s__Bacteroides_stercoris","s__Ruminococcus_bromii",1
"164","s__Bacteroides_stercoris","s__Holdemania_filiformis",1
"165","s__Bacteroides_stercoris","s__Phascolarctobacterium_faecium",1
"166","s__Bacteroides_stercoris","s__Bilophila_wadsworthia",1
"167","s__Bacteroides_stercoris","s__Proteobacteria_bacterium_CAG_139",1
"168","s__Bacteroides_stercoris","s__Akkermansia_muciniphila",1
"169","s__Bacteroides_thetaiotaomicron","s__Bacteroides_uniformis",1
"170","s__Bacteroides_thetaiotaomicron","s__Bacteroides_vulgatus",1
"171","s__Bacteroides_thetaiotaomicron","s__Bacteroides_xylanisolvens",1
"172","s__Bacteroides_thetaiotaomicron","s__Barnesiella_intestinihominis",1
"173","s__Bacteroides_thetaiotaomicron","s__Odoribacter_splanchnicus",1
"174","s__Bacteroides_thetaiotaomicron","s__Alistipes_finegoldii",1
"175","s__Bacteroides_thetaiotaomicron","s__Alistipes_indistinctus",1
"176","s__Bacteroides_thetaiotaomicron","s__Alistipes_obesi",1
"177","s__Bacteroides_thetaiotaomicron","s__Alistipes_shahii",1
"178","s__Bacteroides_thetaiotaomicron","s__Parabacteroides_distasonis",1
"179","s__Bacteroides_thetaiotaomicron","s__Parabacteroides_merdae",1
"180","s__Bacteroides_thetaiotaomicron","s__Intestinimonas_butyriciproducens",1
"181","s__Bacteroides_thetaiotaomicron","s__Lawsonibacter_asaccharolyticus",1
"182","s__Bacteroides_thetaiotaomicron","s__Eubacterium_eligens",1
"183","s__Bacteroides_thetaiotaomicron","s__Anaerostipes_hadrus",1
"184","s__Bacteroides_thetaiotaomicron","s__Ruminococcus_torques",1
"185","s__Bacteroides_thetaiotaomicron","s__Coprococcus_comes",1
"186","s__Bacteroides_thetaiotaomicron","s__Dorea_longicatena",1
"187","s__Bacteroides_thetaiotaomicron","s__Fusicatenibacter_saccharivorans",1
"188","s__Bacteroides_thetaiotaomicron","s__Eubacterium_rectale",1
"189","s__Bacteroides_thetaiotaomicron","s__Roseburia_faecis",1
"190","s__Bacteroides_thetaiotaomicron","s__Roseburia_hominis",1
"191","s__Bacteroides_thetaiotaomicron","s__Oscillibacter_sp_57_20",1
"192","s__Bacteroides_thetaiotaomicron","s__Faecalibacterium_prausnitzii",1
"193","s__Bacteroides_thetaiotaomicron","s__Flavonifractor_plautii",1
"194","s__Bacteroides_thetaiotaomicron","s__Clostridium_leptum",1
"195","s__Bacteroides_thetaiotaomicron","s__Eubacterium_siraeum",1
"196","s__Bacteroides_thetaiotaomicron","s__Ruminococcaceae_bacterium_KLE1738",1
"197","s__Bacteroides_thetaiotaomicron","s__Firmicutes_bacterium_AF16_15",1
"198","s__Bacteroides_thetaiotaomicron","s__Firmicutes_bacterium_CAG_114",1
"199","s__Bacteroides_thetaiotaomicron","s__Firmicutes_bacterium_CAG_124",1
"200","s__Bacteroides_thetaiotaomicron","s__Phascolarctobacterium_faecium",1
"201","s__Bacteroides_uniformis","s__Bacteroides_vulgatus",1
"202","s__Bacteroides_uniformis","s__Odoribacter_splanchnicus",1
"203","s__Bacteroides_uniformis","s__Alistipes_shahii",1
"204","s__Bacteroides_uniformis","s__Parabacteroides_merdae",1
"205","s__Bacteroides_uniformis","s__Dorea_longicatena",1
"206","s__Bacteroides_uniformis","s__Roseburia_hominis",1
"207","s__Bacteroides_uniformis","s__Faecalibacterium_prausnitzii",1
"208","s__Bacteroides_vulgatus","s__Bacteroides_xylanisolvens",1
"209","s__Bacteroides_vulgatus","s__Odoribacter_splanchnicus",1
"210","s__Bacteroides_vulgatus","s__Alistipes_shahii",1
"211","s__Bacteroides_vulgatus","s__Parabacteroides_merdae",1
"212","s__Bacteroides_vulgatus","s__Lawsonibacter_asaccharolyticus",1
"213","s__Bacteroides_vulgatus","s__Anaerostipes_hadrus",1
"214","s__Bacteroides_vulgatus","s__Dorea_longicatena",1
"215","s__Bacteroides_vulgatus","s__Roseburia_hominis",1
"216","s__Bacteroides_vulgatus","s__Faecalibacterium_prausnitzii",1
"217","s__Bacteroides_vulgatus","s__Flavonifractor_plautii",1
"218","s__Bacteroides_xylanisolvens","s__Odoribacter_splanchnicus",1
"219","s__Bacteroides_xylanisolvens","s__Prevotella_copri",1
"220","s__Bacteroides_xylanisolvens","s__Alistipes_putredinis",1
"221","s__Bacteroides_xylanisolvens","s__Alistipes_shahii",1
"222","s__Bacteroides_xylanisolvens","s__Parabacteroides_distasonis",1
"223","s__Bacteroides_xylanisolvens","s__Clostridium_sp_AM22_11AC",1
"224","s__Bacteroides_xylanisolvens","s__Ruminococcus_torques",1
"225","s__Bacteroides_xylanisolvens","s__Lachnospira_pectinoschiza",1
"226","s__Bacteroides_xylanisolvens","s__Eubacterium_rectale",1
"227","s__Bacteroides_xylanisolvens","s__Roseburia_faecis",1
"228","s__Bacteroides_xylanisolvens","s__Roseburia_hominis",1
"229","s__Bacteroides_xylanisolvens","s__Roseburia_inulinivorans",1
"230","s__Bacteroides_xylanisolvens","s__Faecalibacterium_prausnitzii",1
"231","s__Bacteroides_xylanisolvens","s__Clostridium_leptum",1
"232","s__Bacteroides_xylanisolvens","s__Eubacterium_siraeum",1
"233","s__Bacteroides_xylanisolvens","s__Firmicutes_bacterium_AF16_15",1
"234","s__Bacteroides_xylanisolvens","s__Phascolarctobacterium_faecium",1
"235","s__Bacteroides_xylanisolvens","s__Parasutterella_excrementihominis",1
"236","s__Bacteroides_xylanisolvens","s__Bilophila_wadsworthia",1
"237","s__Barnesiella_intestinihominis","s__Butyricimonas_virosa",1
"238","s__Barnesiella_intestinihominis","s__Odoribacter_splanchnicus",1
"239","s__Barnesiella_intestinihominis","s__Alistipes_finegoldii",1
"240","s__Barnesiella_intestinihominis","s__Alistipes_obesi",1
"241","s__Barnesiella_intestinihominis","s__Alistipes_shahii",1
"242","s__Barnesiella_intestinihominis","s__Parabacteroides_merdae",1
"243","s__Barnesiella_intestinihominis","s__Clostridium_sp_CAG_58",1
"244","s__Barnesiella_intestinihominis","s__Eubacterium_hallii",1
"245","s__Barnesiella_intestinihominis","s__Eubacterium_ventriosum",1
"246","s__Barnesiella_intestinihominis","s__Coprococcus_comes",1
"247","s__Barnesiella_intestinihominis","s__Clostridium_bolteae",1
"248","s__Barnesiella_intestinihominis","s__Roseburia_hominis",1
"249","s__Barnesiella_intestinihominis","s__Oscillibacter_sp_57_20",1
"250","s__Barnesiella_intestinihominis","s__Clostridium_leptum",1
"251","s__Barnesiella_intestinihominis","s__Eubacterium_siraeum",1
"252","s__Barnesiella_intestinihominis","s__Subdoligranulum_sp",1
"253","s__Barnesiella_intestinihominis","s__Subdoligranulum_sp_APC924_74",1
"254","s__Barnesiella_intestinihominis","s__Holdemania_filiformis",1
"255","s__Barnesiella_intestinihominis","s__Firmicutes_bacterium_AF16_15",1
"256","s__Barnesiella_intestinihominis","s__Firmicutes_bacterium_CAG_103",1
"257","s__Barnesiella_intestinihominis","s__Firmicutes_bacterium_CAG_124",1
"258","s__Barnesiella_intestinihominis","s__Firmicutes_bacterium_CAG_129",1
"259","s__Coprobacter_fastidiosus","s__Odoribacter_splanchnicus",1
"260","s__Coprobacter_fastidiosus","s__Alistipes_shahii",1
"261","s__Coprobacter_fastidiosus","s__Eubacterium_hallii",1
"262","s__Coprobacter_fastidiosus","s__Firmicutes_bacterium_CAG_114",1
"263","s__Coprobacter_secundus","s__Alistipes_obesi",1
"264","s__Butyricimonas_synergistica","s__Alistipes_indistinctus",1
"265","s__Butyricimonas_synergistica","s__Lawsonibacter_asaccharolyticus",1
"266","s__Butyricimonas_synergistica","s__Blautia_obeum",1
"267","s__Butyricimonas_synergistica","s__Blautia_sp_CAG_52",1
"268","s__Butyricimonas_synergistica","s__Dorea_formicigenerans",1
"269","s__Butyricimonas_synergistica","s__Subdoligranulum_sp_APC924_74",1
"270","s__Butyricimonas_synergistica","s__Holdemania_filiformis",1
"271","s__Butyricimonas_synergistica","s__Firmicutes_bacterium_AF16_15",1
"272","s__Butyricimonas_synergistica","s__Firmicutes_bacterium_CAG_114",1
"273","s__Butyricimonas_virosa","s__Lawsonibacter_asaccharolyticus",1
"274","s__Butyricimonas_virosa","s__Eubacterium_ventriosum",1
"275","s__Butyricimonas_virosa","s__Lachnospira_pectinoschiza",1
"276","s__Butyricimonas_virosa","s__Roseburia_hominis",1
"277","s__Butyricimonas_virosa","s__Roseburia_inulinivorans",1
"278","s__Butyricimonas_virosa","s__Firmicutes_bacterium_AF16_15",1
"279","s__Butyricimonas_virosa","s__Bilophila_wadsworthia",1
"280","s__Odoribacter_splanchnicus","s__Alistipes_finegoldii",1
"281","s__Odoribacter_splanchnicus","s__Alistipes_obesi",1
"282","s__Odoribacter_splanchnicus","s__Alistipes_putredinis",1
"283","s__Odoribacter_splanchnicus","s__Alistipes_shahii",1
"284","s__Odoribacter_splanchnicus","s__Parabacteroides_distasonis",1
"285","s__Odoribacter_splanchnicus","s__Parabacteroides_merdae",1
"286","s__Odoribacter_splanchnicus","s__Eubacterium_eligens",1
"287","s__Odoribacter_splanchnicus","s__Eubacterium_hallii",1
"288","s__Odoribacter_splanchnicus","s__Eubacterium_ramulus",1
"289","s__Odoribacter_splanchnicus","s__Eubacterium_sp_CAG_161",1
"290","s__Odoribacter_splanchnicus","s__Anaerostipes_hadrus",1
"291","s__Odoribacter_splanchnicus","s__Coprococcus_comes",1
"292","s__Odoribacter_splanchnicus","s__Roseburia_hominis",1
"293","s__Odoribacter_splanchnicus","s__Oscillibacter_sp_57_20",1
"294","s__Odoribacter_splanchnicus","s__Clostridium_leptum",1
"295","s__Odoribacter_splanchnicus","s__Eubacterium_siraeum",1
"296","s__Odoribacter_splanchnicus","s__Subdoligranulum_sp",1
"297","s__Odoribacter_splanchnicus","s__Firmicutes_bacterium_CAG_114",1
"298","s__Odoribacter_splanchnicus","s__Firmicutes_bacterium_CAG_124",1
"299","s__Odoribacter_splanchnicus","s__Firmicutes_bacterium_CAG_129",1
"300","s__Odoribacter_splanchnicus","s__Sutterella_wadsworthensis",1
"301","s__Prevotella_copri","s__Intestinibacter_bartlettii",1
"302","s__Prevotella_sp_885","s__Alistipes_obesi",1
"303","s__Prevotella_sp_885","s__Lachnospira_pectinoschiza",1
"304","s__Prevotella_sp_885","s__Eubacterium_siraeum",1
"305","s__Alistipes_finegoldii","s__Alistipes_obesi",1
"306","s__Alistipes_finegoldii","s__Alistipes_putredinis",1
"307","s__Alistipes_finegoldii","s__Alistipes_shahii",1
"308","s__Alistipes_finegoldii","s__Parabacteroides_distasonis",1
"309","s__Alistipes_finegoldii","s__Parabacteroides_merdae",1
"310","s__Alistipes_finegoldii","s__Coprococcus_comes",1
"311","s__Alistipes_finegoldii","s__Eubacterium_siraeum",1
"312","s__Alistipes_finegoldii","s__Firmicutes_bacterium_CAG_124",1
"313","s__Alistipes_indistinctus","s__Clostridium_sp_CAG_122",1
"314","s__Alistipes_indistinctus","s__Clostridium_sp_CAG_75",1
"315","s__Alistipes_indistinctus","s__Blautia_obeum",1
"316","s__Alistipes_indistinctus","s__Ruminococcaceae_bacterium_KLE1738",1
"317","s__Alistipes_indistinctus","s__Ruminococcus_bicirculans",1
"318","s__Alistipes_indistinctus","s__Firmicutes_bacterium_AF16_15",1
"319","s__Alistipes_indistinctus","s__Firmicutes_bacterium_CAG_56",1
"320","s__Alistipes_indistinctus","s__Firmicutes_bacterium_CAG_65_45_313",1
"321","s__Alistipes_obesi","s__Alistipes_shahii",1
"322","s__Alistipes_obesi","s__Parabacteroides_distasonis",1
"323","s__Alistipes_obesi","s__Parabacteroides_johnsonii",1
"324","s__Alistipes_obesi","s__Eubacterium_eligens",1
"325","s__Alistipes_obesi","s__Eubacterium_hallii",1
"326","s__Alistipes_obesi","s__Eubacterium_sp_36_13",1
"327","s__Alistipes_obesi","s__Blautia_obeum",1
"328","s__Alistipes_obesi","s__Roseburia_hominis",1
"329","s__Alistipes_obesi","s__Oscillibacter_sp_57_20",1
"330","s__Alistipes_obesi","s__Oscillibacter_sp_CAG_241",1
"331","s__Alistipes_obesi","s__Ruminococcaceae_bacterium_KLE1738",1
"332","s__Alistipes_obesi","s__Subdoligranulum_sp",1
"333","s__Alistipes_obesi","s__Firmicutes_bacterium_CAG_103",1
"334","s__Alistipes_obesi","s__Firmicutes_bacterium_CAG_114",1
"335","s__Alistipes_obesi","s__Dialister_invisus",1
"336","s__Alistipes_putredinis","s__Alistipes_shahii",1
"337","s__Alistipes_putredinis","s__Parabacteroides_distasonis",1
"338","s__Alistipes_putredinis","s__Parabacteroides_merdae",1
"339","s__Alistipes_putredinis","s__Clostridium_sp_AM22_11AC",1
"340","s__Alistipes_putredinis","s__Coprococcus_comes",1
"341","s__Alistipes_putredinis","s__Eubacterium_siraeum",1
"342","s__Alistipes_putredinis","s__Ruminococcaceae_bacterium_KLE1738",1
"343","s__Alistipes_putredinis","s__Phascolarctobacterium_faecium",1
"344","s__Alistipes_putredinis","s__Parasutterella_excrementihominis",1
"345","s__Alistipes_putredinis","s__Bilophila_wadsworthia",1
"346","s__Alistipes_shahii","s__Parabacteroides_distasonis",1
"347","s__Alistipes_shahii","s__Parabacteroides_merdae",1
"348","s__Alistipes_shahii","s__Clostridium_sp_AM22_11AC",1
"349","s__Alistipes_shahii","s__Eubacterium_eligens",1
"350","s__Alistipes_shahii","s__Eubacterium_hallii",1
"351","s__Alistipes_shahii","s__Eubacterium_ramulus",1
"352","s__Alistipes_shahii","s__Eubacterium_ventriosum",1
"353","s__Alistipes_shahii","s__Ruminococcus_torques",1
"354","s__Alistipes_shahii","s__Coprococcus_comes",1
"355","s__Alistipes_shahii","s__Dorea_longicatena",1
"356","s__Alistipes_shahii","s__Clostridium_leptum",1
"357","s__Alistipes_shahii","s__Eubacterium_siraeum",1
"358","s__Alistipes_shahii","s__Subdoligranulum_sp",1
"359","s__Alistipes_shahii","s__Subdoligranulum_sp_APC924_74",1
"360","s__Alistipes_shahii","s__Firmicutes_bacterium_AF16_15",1
"361","s__Alistipes_shahii","s__Firmicutes_bacterium_CAG_103",1
"362","s__Alistipes_shahii","s__Firmicutes_bacterium_CAG_124",1
"363","s__Alistipes_shahii","s__Firmicutes_bacterium_CAG_129",1
"364","s__Alistipes_shahii","s__Phascolarctobacterium_faecium",1
"365","s__Alistipes_shahii","s__Parasutterella_excrementihominis",1
"366","s__Alistipes_shahii","s__Sutterella_wadsworthensis",1
"367","s__Parabacteroides_distasonis","s__Eubacterium_eligens",1
"368","s__Parabacteroides_distasonis","s__Blautia_obeum",1
"369","s__Parabacteroides_distasonis","s__Ruminococcus_torques",1
"370","s__Parabacteroides_distasonis","s__Fusicatenibacter_saccharivorans",1
"371","s__Parabacteroides_distasonis","s__Eubacterium_rectale",1
"372","s__Parabacteroides_distasonis","s__Faecalibacterium_prausnitzii",1
"373","s__Parabacteroides_distasonis","s__Eubacterium_siraeum",1
"374","s__Parabacteroides_merdae","s__Eubacterium_ramulus",1
"375","s__Parabacteroides_merdae","s__Anaerostipes_hadrus",1
"376","s__Parabacteroides_merdae","s__Ruminococcus_torques",1
"377","s__Parabacteroides_merdae","s__Coprococcus_comes",1
"378","s__Parabacteroides_merdae","s__Dorea_longicatena",1
"379","s__Parabacteroides_merdae","s__Roseburia_hominis",1
"380","s__Parabacteroides_merdae","s__Clostridium_leptum",1
"381","s__Parabacteroides_merdae","s__Eubacterium_siraeum",1
"382","s__Parabacteroides_merdae","s__Subdoligranulum_sp",1
"383","s__Parabacteroides_merdae","s__Holdemania_filiformis",1
"384","s__Parabacteroides_merdae","s__Firmicutes_bacterium_CAG_124",1
"385","s__Parabacteroides_merdae","s__Firmicutes_bacterium_CAG_129",1
"386","s__Parabacteroides_merdae","s__Phascolarctobacterium_faecium",1
"387","s__Parabacteroides_merdae","s__Sutterella_wadsworthensis",1
"388","s__Parabacteroides_merdae","s__Bilophila_wadsworthia",1
"389","s__Streptococcus_mitis","s__Hungatella_hathewayi",1
"390","s__Streptococcus_mitis","s__Veillonella_dispar",1
"391","s__Streptococcus_mitis","s__Veillonella_parvula",1
"392","s__Streptococcus_parasanguinis","s__Streptococcus_salivarius",1
"393","s__Streptococcus_parasanguinis","s__Anaerotignum_lactatifermentans",1
"394","s__Streptococcus_parasanguinis","s__Veillonella_dispar",1
"395","s__Streptococcus_parasanguinis","s__Haemophilus_parainfluenzae",1
"396","s__Streptococcus_salivarius","s__Anaerotignum_lactatifermentans",1
"397","s__Streptococcus_salivarius","s__Dorea_formicigenerans",1
"398","s__Streptococcus_salivarius","s__Oscillibacter_sp_57_20",1
"399","s__Streptococcus_salivarius","s__Subdoligranulum_sp_APC924_74",1
"400","s__Streptococcus_salivarius","s__Veillonella_dispar",1
"401","s__Clostridium_paraputrificum","s__Veillonella_parvula",1
"402","s__Clostridium_sp_AF36_4","s__Intestinimonas_butyriciproducens",1
"403","s__Clostridium_sp_AF36_4","s__Eubacterium_sp_CAG_38",1
"404","s__Clostridium_sp_AF36_4","s__Dorea_formicigenerans",1
"405","s__Clostridium_sp_AF36_4","s__Roseburia_intestinalis",1
"406","s__Clostridium_sp_AF36_4","s__Ruminococcus_bicirculans",1
"407","s__Clostridium_sp_AF36_4","s__Ruthenibacterium_lactatiformans",1
"408","s__Clostridium_sp_AF36_4","s__Firmicutes_bacterium_CAG_41",1
"409","s__Clostridium_sp_AF36_4","s__Veillonella_dispar",1
"410","s__Clostridium_sp_AM22_11AC","s__Coprococcus_comes",1
"411","s__Clostridium_sp_AM22_11AC","s__Lachnospira_pectinoschiza",1
"412","s__Clostridium_sp_AM22_11AC","s__Clostridium_leptum",1
"413","s__Clostridium_sp_AM22_11AC","s__Firmicutes_bacterium_AF16_15",1
"414","s__Clostridium_sp_AM22_11AC","s__Phascolarctobacterium_faecium",1
"415","s__Clostridium_sp_AM22_11AC","s__Dialister_invisus",1
"416","s__Clostridium_sp_AM22_11AC","s__Parasutterella_excrementihominis",1
"417","s__Clostridium_sp_AM22_11AC","s__Bilophila_wadsworthia",1
"418","s__Clostridium_sp_AM22_11AC","s__Proteobacteria_bacterium_CAG_139",1
"419","s__Clostridium_sp_CAG_122","s__Lawsonibacter_asaccharolyticus",1
"420","s__Clostridium_sp_CAG_122","s__Eubacterium_sp_CAG_38",1
"421","s__Clostridium_sp_CAG_122","s__Ruminococcus_torques",1
"422","s__Clostridium_sp_CAG_122","s__Dorea_formicigenerans",1
"423","s__Clostridium_sp_CAG_122","s__Roseburia_hominis",1
"424","s__Clostridium_sp_CAG_122","s__Ruthenibacterium_lactatiformans",1
"425","s__Clostridium_sp_CAG_122","s__Firmicutes_bacterium_AF16_15",1
"426","s__Clostridium_sp_CAG_122","s__Phascolarctobacterium_faecium",1
"427","s__Clostridium_sp_CAG_122","s__Veillonella_dispar",1
"428","s__Clostridium_sp_CAG_122","s__Bilophila_wadsworthia",1
"429","s__Clostridium_sp_CAG_122","s__Proteobacteria_bacterium_CAG_139",1
"430","s__Clostridium_sp_CAG_505","s__Anaerotignum_lactatifermentans",1
"431","s__Clostridium_sp_CAG_505","s__Firmicutes_bacterium_CAG_466",1
"432","s__Clostridium_sp_CAG_58","s__Oscillibacter_sp_57_20",1
"433","s__Clostridium_sp_CAG_58","s__Firmicutes_bacterium_CAG_129",1
"434","s__Clostridium_sp_CAG_75","s__Eubacterium_sp_CAG_38",1
"435","s__Clostridium_sp_CAG_75","s__Eubacterium_ventriosum",1
"436","s__Clostridium_sp_CAG_75","s__Subdoligranulum_sp_APC924_74",1
"437","s__Clostridium_sp_CAG_75","s__Firmicutes_bacterium_AF16_15",1
"438","s__Clostridium_sp_CAG_75","s__Firmicutes_bacterium_CAG_124",1
"439","s__Clostridium_sp_CAG_75","s__Proteobacteria_bacterium_CAG_139",1
"440","s__Hungatella_hathewayi","s__Anaerostipes_hadrus",1
"441","s__Hungatella_hathewayi","s__Intestinibacter_bartlettii",1
"442","s__Hungatella_hathewayi","s__Clostridium_innocuum",1
"443","s__Hungatella_hathewayi","s__Veillonella_parvula",1
"444","s__Intestinimonas_butyriciproducens","s__Eubacterium_sp_CAG_38",1
"445","s__Intestinimonas_butyriciproducens","s__Anaerostipes_hadrus",1
"446","s__Intestinimonas_butyriciproducens","s__Dorea_sp_CAG_317",1
"447","s__Intestinimonas_butyriciproducens","s__Fusicatenibacter_saccharivorans",1
"448","s__Intestinimonas_butyriciproducens","s__Roseburia_faecis",1
"449","s__Intestinimonas_butyriciproducens","s__Ruthenibacterium_lactatiformans",1
"450","s__Intestinimonas_butyriciproducens","s__Escherichia_coli",1
"451","s__Lawsonibacter_asaccharolyticus","s__Eubacterium_ventriosum",1
"452","s__Lawsonibacter_asaccharolyticus","s__Dorea_longicatena",1
"453","s__Lawsonibacter_asaccharolyticus","s__Faecalibacterium_prausnitzii",1
"454","s__Lawsonibacter_asaccharolyticus","s__Eubacterium_siraeum",1
"455","s__Lawsonibacter_asaccharolyticus","s__Holdemania_filiformis",1
"456","s__Lawsonibacter_asaccharolyticus","s__Firmicutes_bacterium_CAG_129",1
"457","s__Lawsonibacter_asaccharolyticus","s__Firmicutes_bacterium_CAG_65_45_313",1
"458","s__Lawsonibacter_asaccharolyticus","s__Acidaminococcus_intestini",1
"459","s__Lawsonibacter_asaccharolyticus","s__Phascolarctobacterium_faecium",1
"460","s__Lawsonibacter_asaccharolyticus","s__Bilophila_wadsworthia",1
"461","s__Eubacterium_eligens","s__Eubacterium_ventriosum",1
"462","s__Eubacterium_eligens","s__Blautia_obeum",1
"463","s__Eubacterium_eligens","s__Dorea_formicigenerans",1
"464","s__Eubacterium_eligens","s__Eubacterium_rectale",1
"465","s__Eubacterium_eligens","s__Roseburia_hominis",1
"466","s__Eubacterium_eligens","s__Eubacterium_siraeum",1
"467","s__Eubacterium_eligens","s__Ruminococcaceae_bacterium_KLE1738",1
"468","s__Eubacterium_eligens","s__Subdoligranulum_sp_APC924_74",1
"469","s__Eubacterium_eligens","s__Holdemania_filiformis",1
"470","s__Eubacterium_eligens","s__Firmicutes_bacterium_CAG_114",1
"471","s__Eubacterium_eligens","s__Firmicutes_bacterium_CAG_124",1
"472","s__Eubacterium_hallii","s__Eubacterium_sp_CAG_38",1
"473","s__Eubacterium_hallii","s__Anaerostipes_hadrus",1
"474","s__Eubacterium_hallii","s__Coprococcus_comes",1
"475","s__Eubacterium_hallii","s__Dorea_sp_CAG_317",1
"476","s__Eubacterium_hallii","s__Fusicatenibacter_saccharivorans",1
"477","s__Eubacterium_hallii","s__Clostridium_bolteae",1
"478","s__Eubacterium_hallii","s__Clostridium_citroniae",1
"479","s__Eubacterium_hallii","s__Clostridium_saccharolyticum",1
"480","s__Eubacterium_hallii","s__Subdoligranulum_sp",1
"481","s__Eubacterium_hallii","s__Firmicutes_bacterium_AF16_15",1
"482","s__Eubacterium_hallii","s__Dialister_invisus",1
"483","s__Eubacterium_ramulus","s__Blautia_sp_CAG_52",1
"484","s__Eubacterium_ramulus","s__Coprococcus_comes",1
"485","s__Eubacterium_ramulus","s__Proteobacteria_bacterium_CAG_139",1
"486","s__Eubacterium_sp_36_13","s__Coprococcus_comes",1
"487","s__Eubacterium_sp_36_13","s__Lachnospira_pectinoschiza",1
"488","s__Eubacterium_sp_CAG_252","s__Blautia_sp_CAG_52",1
"489","s__Eubacterium_sp_CAG_38","s__Clostridium_symbiosum",1
"490","s__Eubacterium_sp_CAG_38","s__Roseburia_faecis",1
"491","s__Eubacterium_sp_CAG_38","s__Oscillibacter_sp_57_20",1
"492","s__Eubacterium_sp_CAG_38","s__Ruthenibacterium_lactatiformans",1
"493","s__Eubacterium_sp_CAG_38","s__Subdoligranulum_sp_APC924_74",1
"494","s__Eubacterium_sp_CAG_38","s__Firmicutes_bacterium_CAG_56",1
"495","s__Eubacterium_sp_CAG_38","s__Haemophilus_sp_HMSC71H05",1
"496","s__Eubacterium_ventriosum","s__Dorea_longicatena",1
"497","s__Eubacterium_ventriosum","s__Eubacterium_rectale",1
"498","s__Eubacterium_ventriosum","s__Roseburia_hominis",1
"499","s__Eubacterium_ventriosum","s__Subdoligranulum_sp_APC924_74",1
"500","s__Eubacterium_ventriosum","s__Holdemania_filiformis",1
"501","s__Eubacterium_ventriosum","s__Firmicutes_bacterium_AF16_15",1
"502","s__Eubacterium_ventriosum","s__Firmicutes_bacterium_CAG_103",1
"503","s__Eubacterium_ventriosum","s__Firmicutes_bacterium_CAG_124",1
"504","s__Eubacterium_ventriosum","s__Firmicutes_bacterium_CAG_56",1
"505","s__Eubacterium_ventriosum","s__Firmicutes_bacterium_CAG_65_45_313",1
"506","s__Anaerostipes_hadrus","s__Anaerotignum_lactatifermentans",1
"507","s__Anaerostipes_hadrus","s__Ruminococcus_torques",1
"508","s__Anaerostipes_hadrus","s__Coprococcus_comes",1
"509","s__Anaerostipes_hadrus","s__Fusicatenibacter_saccharivorans",1
"510","s__Anaerostipes_hadrus","s__Faecalibacterium_prausnitzii",1
"511","s__Anaerostipes_hadrus","s__Flavonifractor_plautii",1
"512","s__Anaerostipes_hadrus","s__Clostridium_leptum",1
"513","s__Anaerostipes_hadrus","s__Ruthenibacterium_lactatiformans",1
"514","s__Anaerostipes_hadrus","s__Firmicutes_bacterium_CAG_114",1
"515","s__Anaerostipes_hadrus","s__Phascolarctobacterium_faecium",1
"516","s__Anaerostipes_hadrus","s__Dialister_invisus",1
"517","s__Anaerotignum_lactatifermentans","s__Dorea_longicatena",1
"518","s__Anaerotignum_lactatifermentans","s__Anaerotruncus_colihominis",1
"519","s__Anaerotignum_lactatifermentans","s__Firmicutes_bacterium_CAG_129",1
"520","s__Anaerotignum_lactatifermentans","s__Firmicutes_bacterium_CAG_466",1
"521","s__Blautia_obeum","s__Blautia_sp_CAG_52",1
"522","s__Blautia_obeum","s__Dorea_formicigenerans",1
"523","s__Blautia_obeum","s__Ruminococcaceae_bacterium_KLE1738",1
"524","s__Blautia_obeum","s__Firmicutes_bacterium_CAG_114",1
"525","s__Blautia_obeum","s__Firmicutes_bacterium_CAG_65_45_313",1
"526","s__Blautia_sp_CAG_257","s__Clostridium_bolteae",1
"527","s__Blautia_sp_CAG_257","s__Clostridium_clostridioforme",1
"528","s__Blautia_sp_CAG_257","s__Erysipelatoclostridium_ramosum",1
"529","s__Blautia_sp_CAG_52","s__Dorea_formicigenerans",1
"530","s__Blautia_sp_CAG_52","s__Roseburia_sp_CAG_471",1
"531","s__Blautia_sp_CAG_52","s__Anaeromassilibacillus_sp_An250",1
"532","s__Blautia_sp_CAG_52","s__Ruminococcus_lactaris",1
"533","s__Blautia_sp_CAG_52","s__Sutterella_wadsworthensis",1
"534","s__Blautia_sp_CAG_52","s__Proteobacteria_bacterium_CAG_139",1
"535","s__Ruminococcus_gnavus","s__Clostridium_bolteae",1
"536","s__Ruminococcus_gnavus","s__Intestinibacter_bartlettii",1
"537","s__Ruminococcus_torques","s__Coprococcus_comes",1
"538","s__Ruminococcus_torques","s__Dorea_longicatena",1
"539","s__Ruminococcus_torques","s__Fusicatenibacter_saccharivorans",1
"540","s__Ruminococcus_torques","s__Roseburia_sp_CAG_100",1
"541","s__Ruminococcus_torques","s__Oscillibacter_sp_57_20",1
"542","s__Ruminococcus_torques","s__Eubacterium_siraeum",1
"543","s__Ruminococcus_torques","s__Ruminococcus_bromii",1
"544","s__Ruminococcus_torques","s__Phascolarctobacterium_faecium",1
"545","s__Ruminococcus_torques","s__Bilophila_wadsworthia",1
"546","s__Ruminococcus_torques","s__Proteobacteria_bacterium_CAG_139",1
"547","s__Ruminococcus_torques","s__Akkermansia_muciniphila",1
"548","s__Coprococcus_catus","s__Clostridium_citroniae",1
"549","s__Coprococcus_catus","s__Agathobaculum_butyriciproducens",1
"550","s__Coprococcus_comes","s__Roseburia_hominis",1
"551","s__Coprococcus_comes","s__Eubacterium_siraeum",1
"552","s__Coprococcus_comes","s__Subdoligranulum_sp",1
"553","s__Coprococcus_comes","s__Phascolarctobacterium_faecium",1
"554","s__Coprococcus_comes","s__Dialister_invisus",1
"555","s__Coprococcus_comes","s__Bilophila_wadsworthia",1
"556","s__Coprococcus_eutactus","s__Roseburia_intestinalis",1
"557","s__Dorea_formicigenerans","s__Oscillibacter_sp_57_20",1
"558","s__Dorea_formicigenerans","s__Subdoligranulum_sp",1
"559","s__Dorea_formicigenerans","s__Subdoligranulum_sp_APC924_74",1
"560","s__Dorea_formicigenerans","s__Firmicutes_bacterium_CAG_129",1
"561","s__Dorea_formicigenerans","s__Firmicutes_bacterium_CAG_65_45_313",1
"562","s__Dorea_formicigenerans","s__Haemophilus_parainfluenzae",1
"563","s__Dorea_formicigenerans","s__Haemophilus_sp_HMSC71H05",1
"564","s__Dorea_longicatena","s__Eubacterium_siraeum",1
"565","s__Dorea_longicatena","s__Holdemania_filiformis",1
"566","s__Dorea_longicatena","s__Firmicutes_bacterium_CAG_124",1
"567","s__Dorea_longicatena","s__Proteobacteria_bacterium_CAG_139",1
"568","s__Dorea_sp_CAG_317","s__Clostridium_clostridioforme",1
"569","s__Dorea_sp_CAG_317","s__Clostridium_lavalense",1
"570","s__Eisenbergiella_massiliensis","s__Eisenbergiella_tayi",1
"571","s__Eisenbergiella_massiliensis","s__Clostridium_asparagiforme",1
"572","s__Eisenbergiella_massiliensis","s__Clostridium_bolteae",1
"573","s__Eisenbergiella_massiliensis","s__Clostridium_citroniae",1
"574","s__Eisenbergiella_massiliensis","s__Clostridium_clostridioforme",1
"575","s__Eisenbergiella_massiliensis","s__Clostridium_lavalense",1
"576","s__Eisenbergiella_massiliensis","s__Clostridium_saccharolyticum",1
"577","s__Eisenbergiella_massiliensis","s__Clostridium_symbiosum",1
"578","s__Eisenbergiella_massiliensis","s__Ruthenibacterium_lactatiformans",1
"579","s__Fusicatenibacter_saccharivorans","s__Roseburia_faecis",1
"580","s__Fusicatenibacter_saccharivorans","s__Faecalibacterium_prausnitzii",1
"581","s__Fusicatenibacter_saccharivorans","s__Flavonifractor_plautii",1
"582","s__Fusicatenibacter_saccharivorans","s__Ruminococcaceae_bacterium_KLE1738",1
"583","s__Fusicatenibacter_saccharivorans","s__Subdoligranulum_sp_APC924_74",1
"584","s__Fusicatenibacter_saccharivorans","s__Escherichia_coli",1
"585","s__Fusicatenibacter_saccharivorans","s__Akkermansia_muciniphila",1
"586","s__Clostridium_aldenense","s__Clostridium_clostridioforme",1
"587","s__Clostridium_aldenense","s__Erysipelatoclostridium_ramosum",1
"588","s__Clostridium_aldenense","s__Veillonella_parvula",1
"589","s__Clostridium_asparagiforme","s__Clostridium_clostridioforme",1
"590","s__Clostridium_bolteae","s__Clostridium_citroniae",1
"591","s__Clostridium_bolteae","s__Clostridium_clostridioforme",1
"592","s__Clostridium_bolteae","s__Clostridium_saccharolyticum",1
"593","s__Clostridium_bolteae","s__Flavonifractor_plautii",1
"594","s__Clostridium_bolteae","s__Clostridium_leptum",1
"595","s__Clostridium_bolteae","s__Subdoligranulum_sp",1
"596","s__Clostridium_bolteae","s__Holdemania_filiformis",1
"597","s__Clostridium_bolteae","s__Bilophila_wadsworthia",1
"598","s__Clostridium_citroniae","s__Clostridium_clostridioforme",1
"599","s__Clostridium_citroniae","s__Clostridium_lavalense",1
"600","s__Clostridium_citroniae","s__Clostridium_saccharolyticum",1
"601","s__Clostridium_citroniae","s__Clostridium_symbiosum",1
"602","s__Clostridium_citroniae","s__Agathobaculum_butyriciproducens",1
"603","s__Clostridium_citroniae","s__Ruthenibacterium_lactatiformans",1
"604","s__Clostridium_citroniae","s__Firmicutes_bacterium_CAG_114",1
"605","s__Clostridium_clostridioforme","s__Clostridium_lavalense",1
"606","s__Clostridium_clostridioforme","s__Clostridium_symbiosum",1
"607","s__Clostridium_clostridioforme","s__Roseburia_sp_CAG_471",1
"608","s__Clostridium_clostridioforme","s__Ruthenibacterium_lactatiformans",1
"609","s__Clostridium_clostridioforme","s__Dialister_pneumosintes",1
"610","s__Clostridium_lavalense","s__Roseburia_sp_CAG_471",1
"611","s__Clostridium_lavalense","s__Ruthenibacterium_lactatiformans",1
"612","s__Clostridium_lavalense","s__Dialister_pneumosintes",1
"613","s__Clostridium_symbiosum","s__Dialister_invisus",1
"614","s__Lachnospira_pectinoschiza","s__Roseburia_hominis",1
"615","s__Lachnospira_pectinoschiza","s__Ruminococcus_bromii",1
"616","s__Eubacterium_rectale","s__Roseburia_faecis",1
"617","s__Eubacterium_rectale","s__Roseburia_hominis",1
"618","s__Eubacterium_rectale","s__Roseburia_intestinalis",1
"619","s__Eubacterium_rectale","s__Roseburia_inulinivorans",1
"620","s__Eubacterium_rectale","s__Faecalibacterium_prausnitzii",1
"621","s__Eubacterium_rectale","s__Flavonifractor_plautii",1
"622","s__Eubacterium_rectale","s__Firmicutes_bacterium_CAG_103",1
"623","s__Eubacterium_rectale","s__Bilophila_wadsworthia",1
"624","s__Eubacterium_rectale","s__Escherichia_coli",1
"625","s__Eubacterium_rectale","s__Akkermansia_muciniphila",1
"626","s__Roseburia_faecis","s__Roseburia_inulinivorans",1
"627","s__Roseburia_faecis","s__Flavonifractor_plautii",1
"628","s__Roseburia_faecis","s__Clostridium_leptum",1
"629","s__Roseburia_faecis","s__Firmicutes_bacterium_AF16_15",1
"630","s__Roseburia_faecis","s__Veillonella_dispar",1
"631","s__Roseburia_faecis","s__Escherichia_coli",1
"632","s__Roseburia_faecis","s__Akkermansia_muciniphila",1
"633","s__Roseburia_hominis","s__Faecalibacterium_prausnitzii",1
"634","s__Roseburia_hominis","s__Clostridium_leptum",1
"635","s__Roseburia_hominis","s__Ruminococcus_bromii",1
"636","s__Roseburia_hominis","s__Ruthenibacterium_lactatiformans",1
"637","s__Roseburia_hominis","s__Holdemania_filiformis",1
"638","s__Roseburia_hominis","s__Firmicutes_bacterium_AF16_15",1
"639","s__Roseburia_hominis","s__Firmicutes_bacterium_CAG_103",1
"640","s__Roseburia_hominis","s__Firmicutes_bacterium_CAG_83",1
"641","s__Roseburia_hominis","s__Dialister_invisus",1
"642","s__Roseburia_hominis","s__Bilophila_wadsworthia",1
"643","s__Roseburia_hominis","s__Proteobacteria_bacterium_CAG_139",1
"644","s__Roseburia_intestinalis","s__Roseburia_sp_CAG_100",1
"645","s__Roseburia_intestinalis","s__Oscillibacter_sp_57_20",1
"646","s__Roseburia_intestinalis","s__Veillonella_dispar",1
"647","s__Roseburia_intestinalis","s__Klebsiella_oxytoca",1
"648","s__Roseburia_intestinalis","s__Akkermansia_muciniphila",1
"649","s__Roseburia_inulinivorans","s__Bilophila_wadsworthia",1
"650","s__Roseburia_sp_CAG_471","s__Veillonella_parvula",1
"651","s__Oscillibacter_sp_57_20","s__Firmicutes_bacterium_CAG_124",1
"652","s__Oscillibacter_sp_57_20","s__Firmicutes_bacterium_CAG_129",1
"653","s__Oscillibacter_sp_57_20","s__Haemophilus_parainfluenzae",1
"654","s__Oscillibacter_sp_CAG_241","s__Eubacterium_siraeum",1
"655","s__Intestinibacter_bartlettii","s__Veillonella_parvula",1
"656","s__Intestinibacter_bartlettii","s__Akkermansia_muciniphila",1
"657","s__Anaerotruncus_colihominis","s__Ruthenibacterium_lactatiformans",1
"658","s__Faecalibacterium_prausnitzii","s__Flavonifractor_plautii",1
"659","s__Faecalibacterium_prausnitzii","s__Ruthenibacterium_lactatiformans",1
"660","s__Flavonifractor_plautii","s__Escherichia_coli",1
"661","s__Clostridium_leptum","s__Eubacterium_siraeum",1
"662","s__Clostridium_leptum","s__Ruminococcus_bromii",1
"663","s__Clostridium_leptum","s__Ruthenibacterium_lactatiformans",1
"664","s__Clostridium_leptum","s__Bilophila_wadsworthia",1
"665","s__Clostridium_leptum","s__Escherichia_coli",1
"666","s__Clostridium_leptum","s__Klebsiella_pneumoniae",1
"667","s__Eubacterium_siraeum","s__Phascolarctobacterium_faecium",1
"668","s__Eubacterium_siraeum","s__Sutterella_wadsworthensis",1
"669","s__Eubacterium_siraeum","s__Bilophila_wadsworthia",1
"670","s__Ruminococcaceae_bacterium_KLE1738","s__Firmicutes_bacterium_CAG_114",1
"671","s__Ruminococcus_bromii","s__Phascolarctobacterium_faecium",1
"672","s__Ruminococcus_bromii","s__Bilophila_wadsworthia",1
"673","s__Ruminococcus_bromii","s__Proteobacteria_bacterium_CAG_139",1
"674","s__Ruminococcus_bromii","s__Akkermansia_muciniphila",1
"675","s__Ruminococcus_lactaris","s__Proteobacteria_bacterium_CAG_139",1
"676","s__Ruthenibacterium_lactatiformans","s__Firmicutes_bacterium_CAG_41",1
"677","s__Ruthenibacterium_lactatiformans","s__Dialister_invisus",1
"678","s__Ruthenibacterium_lactatiformans","s__Bilophila_wadsworthia",1
"679","s__Ruthenibacterium_lactatiformans","s__Escherichia_coli",1
"680","s__Subdoligranulum_sp","s__Subdoligranulum_sp_APC924_74",1
"681","s__Subdoligranulum_sp","s__Holdemania_filiformis",1
"682","s__Subdoligranulum_sp","s__Firmicutes_bacterium_AF16_15",1
"683","s__Subdoligranulum_sp","s__Firmicutes_bacterium_CAG_114",1
"684","s__Subdoligranulum_sp","s__Firmicutes_bacterium_CAG_124",1
"685","s__Subdoligranulum_sp_APC924_74","s__Holdemania_filiformis",1
"686","s__Subdoligranulum_sp_APC924_74","s__Firmicutes_bacterium_AF16_15",1
"687","s__Subdoligranulum_sp_APC924_74","s__Firmicutes_bacterium_CAG_124",1
"688","s__Subdoligranulum_sp_APC924_74","s__Firmicutes_bacterium_CAG_56",1
"689","s__Subdoligranulum_sp_APC924_74","s__Firmicutes_bacterium_CAG_65_45_313",1
"690","s__Clostridium_innocuum","s__Erysipelatoclostridium_ramosum",1
"691","s__Clostridium_innocuum","s__Veillonella_dispar",1
"692","s__Clostridium_innocuum","s__Veillonella_parvula",1
"693","s__Clostridium_spiroforme","s__Veillonella_parvula",1
"694","s__Holdemania_filiformis","s__Firmicutes_bacterium_CAG_129",1
"695","s__Holdemania_filiformis","s__Bilophila_wadsworthia",1
"696","s__Firmicutes_bacterium_AF16_15","s__Firmicutes_bacterium_CAG_56",1
"697","s__Firmicutes_bacterium_AF16_15","s__Firmicutes_bacterium_CAG_65_45_313",1
"698","s__Firmicutes_bacterium_AF16_15","s__Bilophila_wadsworthia",1
"699","s__Firmicutes_bacterium_CAG_103","s__Firmicutes_bacterium_CAG_124",1
"700","s__Firmicutes_bacterium_CAG_103","s__Firmicutes_bacterium_CAG_83",1
"701","s__Firmicutes_bacterium_CAG_103","s__Parasutterella_excrementihominis",1
"702","s__Firmicutes_bacterium_CAG_124","s__Firmicutes_bacterium_CAG_129",1
"703","s__Firmicutes_bacterium_CAG_124","s__Firmicutes_bacterium_CAG_56",1
"704","s__Firmicutes_bacterium_CAG_124","s__Haemophilus_sp_HMSC71H05",1
"705","s__Firmicutes_bacterium_CAG_56","s__Proteobacteria_bacterium_CAG_139",1
"706","s__Firmicutes_bacterium_CAG_83","s__Dialister_invisus",1
"707","s__Acidaminococcus_intestini","s__Proteobacteria_bacterium_CAG_139",1
"708","s__Phascolarctobacterium_faecium","s__Parasutterella_excrementihominis",1
"709","s__Phascolarctobacterium_faecium","s__Bilophila_wadsworthia",1
"710","s__Phascolarctobacterium_faecium","s__Proteobacteria_bacterium_CAG_139",1
"711","s__Phascolarctobacterium_faecium","s__Akkermansia_muciniphila",1
"712","s__Veillonella_atypica","s__Veillonella_parvula",1
"713","s__Veillonella_dispar","s__Haemophilus_parainfluenzae",1
"714","s__Veillonella_dispar","s__Haemophilus_sp_HMSC71H05",1
"715","s__Veillonella_parvula","s__Klebsiella_oxytoca",1
"716","s__Parasutterella_excrementihominis","s__Bilophila_wadsworthia",1
"717","s__Parasutterella_excrementihominis","s__Klebsiella_pneumoniae",1
"718","s__Parasutterella_excrementihominis","s__Klebsiella_quasipneumoniae",1
"719","s__Parasutterella_excrementihominis","s__Proteobacteria_bacterium_CAG_139",1
"720","s__Bilophila_wadsworthia","s__Proteobacteria_bacterium_CAG_139",1
"721","s__Proteobacteria_bacterium_CAG_139","s__Akkermansia_muciniphila",1
