"","sp1","sp2","noWeight"
"1","s__Bifidobacterium_adolescentis","s__Bifidobacterium_longum",1
"2","s__Bifidobacterium_adolescentis","s__Bacteroides_caccae",1
"3","s__Bifidobacterium_adolescentis","s__Bacteroides_stercoris",1
"4","s__Bifidobacterium_adolescentis","s__Bacteroides_xylanisolvens",1
"5","s__Bifidobacterium_adolescentis","s__Parabacteroides_merdae",1
"6","s__Bifidobacterium_adolescentis","s__Clostridium_sp_AM22_11AC",1
"7","s__Bifidobacterium_adolescentis","s__Eubacterium_hallii",1
"8","s__Bifidobacterium_adolescentis","s__Eubacterium_ramulus",1
"9","s__Bifidobacterium_adolescentis","s__Blautia_obeum",1
"10","s__Bifidobacterium_adolescentis","s__Ruminococcus_torques",1
"11","s__Bifidobacterium_adolescentis","s__Dorea_formicigenerans",1
"12","s__Bifidobacterium_adolescentis","s__Dorea_longicatena",1
"13","s__Bifidobacterium_adolescentis","s__Fusicatenibacter_saccharivorans",1
"14","s__Bifidobacterium_adolescentis","s__Eubacterium_rectale",1
"15","s__Bifidobacterium_adolescentis","s__Roseburia_faecis",1
"16","s__Bifidobacterium_adolescentis","s__Roseburia_hominis",1
"17","s__Bifidobacterium_adolescentis","s__Roseburia_intestinalis",1
"18","s__Bifidobacterium_adolescentis","s__Roseburia_inulinivorans",1
"19","s__Bifidobacterium_adolescentis","s__Gemmiger_formicilis",1
"20","s__Bifidobacterium_longum","s__Collinsella_aerofaciens",1
"21","s__Bifidobacterium_longum","s__Asaccharobacter_celatus",1
"22","s__Bifidobacterium_longum","s__Bacteroides_caccae",1
"23","s__Bifidobacterium_longum","s__Bacteroides_ovatus",1
"24","s__Bifidobacterium_longum","s__Parabacteroides_distasonis",1
"25","s__Bifidobacterium_longum","s__Parabacteroides_merdae",1
"26","s__Bifidobacterium_longum","s__Lawsonibacter_asaccharolyticus",1
"27","s__Bifidobacterium_longum","s__Eubacterium_hallii",1
"28","s__Bifidobacterium_longum","s__Eubacterium_ramulus",1
"29","s__Bifidobacterium_longum","s__Anaerostipes_hadrus",1
"30","s__Bifidobacterium_longum","s__Blautia_obeum",1
"31","s__Bifidobacterium_longum","s__Ruminococcus_torques",1
"32","s__Bifidobacterium_longum","s__Dorea_formicigenerans",1
"33","s__Bifidobacterium_longum","s__Fusicatenibacter_saccharivorans",1
"34","s__Bifidobacterium_longum","s__Lachnospira_pectinoschiza",1
"35","s__Bifidobacterium_longum","s__Roseburia_hominis",1
"36","s__Bifidobacterium_longum","s__Agathobaculum_butyriciproducens",1
"37","s__Bifidobacterium_longum","s__Gemmiger_formicilis",1
"38","s__Bifidobacterium_longum","s__Clostridium_leptum",1
"39","s__Bifidobacterium_longum","s__Ruminococcaceae_bacterium_KLE1738",1
"40","s__Bifidobacterium_longum","s__Holdemania_filiformis",1
"41","s__Bifidobacterium_longum","s__Firmicutes_bacterium_CAG_114",1
"42","s__Bifidobacterium_longum","s__Phascolarctobacterium_faecium",1
"43","s__Bifidobacterium_pseudocatenulatum","s__Oscillibacter_sp_57_20",1
"44","s__Bifidobacterium_pseudocatenulatum","s__Clostridium_leptum",1
"45","s__Collinsella_aerofaciens","s__Parabacteroides_merdae",1
"46","s__Collinsella_aerofaciens","s__Blautia_obeum",1
"47","s__Collinsella_aerofaciens","s__Dorea_formicigenerans",1
"48","s__Collinsella_aerofaciens","s__Oscillibacter_sp_57_20",1
"49","s__Collinsella_aerofaciens","s__Gemmiger_formicilis",1
"50","s__Collinsella_aerofaciens","s__Parasutterella_excrementihominis",1
"51","s__Asaccharobacter_celatus","s__Butyricimonas_synergistica",1
"52","s__Asaccharobacter_celatus","s__Phascolarctobacterium_faecium",1
"53","s__Bacteroides_caccae","s__Bacteroides_cellulosilyticus",1
"54","s__Bacteroides_caccae","s__Bacteroides_fragilis",1
"55","s__Bacteroides_caccae","s__Bacteroides_ovatus",1
"56","s__Bacteroides_caccae","s__Bacteroides_thetaiotaomicron",1
"57","s__Bacteroides_caccae","s__Bacteroides_vulgatus",1
"58","s__Bacteroides_caccae","s__Butyricimonas_synergistica",1
"59","s__Bacteroides_caccae","s__Alistipes_shahii",1
"60","s__Bacteroides_caccae","s__Parabacteroides_distasonis",1
"61","s__Bacteroides_caccae","s__Clostridium_sp_CAG_58",1
"62","s__Bacteroides_caccae","s__Clostridium_sp_CAG_75",1
"63","s__Bacteroides_caccae","s__Eubacterium_hallii",1
"64","s__Bacteroides_caccae","s__Eubacterium_ramulus",1
"65","s__Bacteroides_caccae","s__Anaerostipes_hadrus",1
"66","s__Bacteroides_caccae","s__Anaerotignum_lactatifermentans",1
"67","s__Bacteroides_caccae","s__Blautia_obeum",1
"68","s__Bacteroides_caccae","s__Ruminococcus_torques",1
"69","s__Bacteroides_caccae","s__Dorea_formicigenerans",1
"70","s__Bacteroides_caccae","s__Fusicatenibacter_saccharivorans",1
"71","s__Bacteroides_caccae","s__Lachnospira_pectinoschiza",1
"72","s__Bacteroides_caccae","s__Roseburia_hominis",1
"73","s__Bacteroides_caccae","s__Faecalibacterium_prausnitzii",1
"74","s__Bacteroides_caccae","s__Flavonifractor_plautii",1
"75","s__Bacteroides_caccae","s__Gemmiger_formicilis",1
"76","s__Bacteroides_caccae","s__Ruminococcus_bromii",1
"77","s__Bacteroides_caccae","s__Subdoligranulum_sp",1
"78","s__Bacteroides_caccae","s__Subdoligranulum_sp_APC924_74",1
"79","s__Bacteroides_caccae","s__Firmicutes_bacterium_AF16_15",1
"80","s__Bacteroides_caccae","s__Phascolarctobacterium_faecium",1
"81","s__Bacteroides_caccae","s__Parasutterella_excrementihominis",1
"82","s__Bacteroides_cellulosilyticus","s__Bacteroides_fragilis",1
"83","s__Bacteroides_cellulosilyticus","s__Flavonifractor_plautii",1
"84","s__Bacteroides_dorei","s__Clostridium_sp_CAG_58",1
"85","s__Bacteroides_fragilis","s__Bacteroides_nordii",1
"86","s__Bacteroides_fragilis","s__Bacteroides_ovatus",1
"87","s__Bacteroides_fragilis","s__Prevotella_copri",1
"88","s__Bacteroides_fragilis","s__Parabacteroides_distasonis",1
"89","s__Bacteroides_fragilis","s__Clostridium_sp_CAG_169",1
"90","s__Bacteroides_fragilis","s__Clostridium_sp_CAG_58",1
"91","s__Bacteroides_fragilis","s__Lawsonibacter_asaccharolyticus",1
"92","s__Bacteroides_fragilis","s__Eubacterium_sp_CAG_38",1
"93","s__Bacteroides_fragilis","s__Anaerostipes_hadrus",1
"94","s__Bacteroides_fragilis","s__Blautia_obeum",1
"95","s__Bacteroides_fragilis","s__Ruminococcus_gnavus",1
"96","s__Bacteroides_fragilis","s__Dorea_formicigenerans",1
"97","s__Bacteroides_fragilis","s__Eisenbergiella_massiliensis",1
"98","s__Bacteroides_fragilis","s__Agathobaculum_butyriciproducens",1
"99","s__Bacteroides_fragilis","s__Flavonifractor_plautii",1
"100","s__Bacteroides_fragilis","s__Gemmiger_formicilis",1
"101","s__Bacteroides_fragilis","s__Ruminococcus_lactaris",1
"102","s__Bacteroides_fragilis","s__Parasutterella_excrementihominis",1
"103","s__Bacteroides_fragilis","s__Escherichia_coli",1
"104","s__Bacteroides_nordii","s__Prevotella_copri",1
"105","s__Bacteroides_nordii","s__Parasutterella_excrementihominis",1
"106","s__Bacteroides_ovatus","s__Bacteroides_uniformis",1
"107","s__Bacteroides_ovatus","s__Butyricimonas_synergistica",1
"108","s__Bacteroides_ovatus","s__Alistipes_finegoldii",1
"109","s__Bacteroides_ovatus","s__Alistipes_putredinis",1
"110","s__Bacteroides_ovatus","s__Parabacteroides_distasonis",1
"111","s__Bacteroides_ovatus","s__Parabacteroides_merdae",1
"112","s__Bacteroides_ovatus","s__Anaerostipes_hadrus",1
"113","s__Bacteroides_ovatus","s__Blautia_obeum",1
"114","s__Bacteroides_ovatus","s__Dorea_formicigenerans",1
"115","s__Bacteroides_ovatus","s__Roseburia_hominis",1
"116","s__Bacteroides_ovatus","s__Gemmiger_formicilis",1
"117","s__Bacteroides_ovatus","s__Phascolarctobacterium_faecium",1
"118","s__Bacteroides_ovatus","s__Parasutterella_excrementihominis",1
"119","s__Bacteroides_stercoris","s__Bacteroides_vulgatus",1
"120","s__Bacteroides_stercoris","s__Bacteroides_xylanisolvens",1
"121","s__Bacteroides_stercoris","s__Eubacterium_hallii",1
"122","s__Bacteroides_stercoris","s__Eubacterium_ramulus",1
"123","s__Bacteroides_thetaiotaomicron","s__Bacteroides_xylanisolvens",1
"124","s__Bacteroides_thetaiotaomicron","s__Clostridium_sp_AM22_11AC",1
"125","s__Bacteroides_thetaiotaomicron","s__Eubacterium_eligens",1
"126","s__Bacteroides_thetaiotaomicron","s__Anaerostipes_hadrus",1
"127","s__Bacteroides_thetaiotaomicron","s__Ruminococcus_torques",1
"128","s__Bacteroides_thetaiotaomicron","s__Dorea_longicatena",1
"129","s__Bacteroides_thetaiotaomicron","s__Fusicatenibacter_saccharivorans",1
"130","s__Bacteroides_thetaiotaomicron","s__Eubacterium_rectale",1
"131","s__Bacteroides_thetaiotaomicron","s__Roseburia_faecis",1
"132","s__Bacteroides_thetaiotaomicron","s__Roseburia_hominis",1
"133","s__Bacteroides_thetaiotaomicron","s__Roseburia_intestinalis",1
"134","s__Bacteroides_thetaiotaomicron","s__Roseburia_inulinivorans",1
"135","s__Bacteroides_thetaiotaomicron","s__Flavonifractor_plautii",1
"136","s__Bacteroides_thetaiotaomicron","s__Ruminococcus_bicirculans",1
"137","s__Bacteroides_thetaiotaomicron","s__Ruthenibacterium_lactatiformans",1
"138","s__Bacteroides_uniformis","s__Bacteroides_vulgatus",1
"139","s__Bacteroides_uniformis","s__Parabacteroides_distasonis",1
"140","s__Bacteroides_vulgatus","s__Bacteroides_xylanisolvens",1
"141","s__Bacteroides_vulgatus","s__Roseburia_hominis",1
"142","s__Bacteroides_xylanisolvens","s__Eubacterium_hallii",1
"143","s__Bacteroides_xylanisolvens","s__Eubacterium_ramulus",1
"144","s__Barnesiella_intestinihominis","s__Clostridium_sp_CAG_75",1
"145","s__Barnesiella_intestinihominis","s__Firmicutes_bacterium_AF16_15",1
"146","s__Barnesiella_intestinihominis","s__Phascolarctobacterium_faecium",1
"147","s__Butyricimonas_synergistica","s__Butyricimonas_virosa",1
"148","s__Butyricimonas_synergistica","s__Alistipes_shahii",1
"149","s__Butyricimonas_synergistica","s__Parabacteroides_distasonis",1
"150","s__Butyricimonas_synergistica","s__Anaerostipes_hadrus",1
"151","s__Butyricimonas_synergistica","s__Blautia_sp_CAG_52",1
"152","s__Butyricimonas_synergistica","s__Phascolarctobacterium_faecium",1
"153","s__Butyricimonas_synergistica","s__Parasutterella_excrementihominis",1
"154","s__Odoribacter_splanchnicus","s__Prevotella_copri",1
"155","s__Odoribacter_splanchnicus","s__Parasutterella_excrementihominis",1
"156","s__Prevotella_copri","s__Clostridium_sp_CAG_169",1
"157","s__Prevotella_copri","s__Clostridium_sp_CAG_58",1
"158","s__Prevotella_copri","s__Parasutterella_excrementihominis",1
"159","s__Prevotella_copri","s__Escherichia_coli",1
"160","s__Alistipes_finegoldii","s__Alistipes_obesi",1
"161","s__Alistipes_finegoldii","s__Parabacteroides_distasonis",1
"162","s__Alistipes_finegoldii","s__Eubacterium_siraeum",1
"163","s__Alistipes_finegoldii","s__Ruminococcaceae_bacterium_KLE1738",1
"164","s__Alistipes_finegoldii","s__Ruminococcus_bromii",1
"165","s__Alistipes_finegoldii","s__Firmicutes_bacterium_CAG_114",1
"166","s__Alistipes_finegoldii","s__Firmicutes_bacterium_CAG_129",1
"167","s__Alistipes_obesi","s__Phascolarctobacterium_faecium",1
"168","s__Alistipes_putredinis","s__Parabacteroides_distasonis",1
"169","s__Alistipes_putredinis","s__Anaerostipes_hadrus",1
"170","s__Alistipes_shahii","s__Flavonifractor_plautii",1
"171","s__Parabacteroides_distasonis","s__Parabacteroides_merdae",1
"172","s__Parabacteroides_distasonis","s__Anaerostipes_hadrus",1
"173","s__Parabacteroides_distasonis","s__Blautia_obeum",1
"174","s__Parabacteroides_distasonis","s__Dorea_formicigenerans",1
"175","s__Parabacteroides_distasonis","s__Roseburia_hominis",1
"176","s__Parabacteroides_distasonis","s__Gemmiger_formicilis",1
"177","s__Parabacteroides_distasonis","s__Phascolarctobacterium_faecium",1
"178","s__Parabacteroides_distasonis","s__Parasutterella_excrementihominis",1
"179","s__Parabacteroides_merdae","s__Lawsonibacter_asaccharolyticus",1
"180","s__Parabacteroides_merdae","s__Eubacterium_hallii",1
"181","s__Parabacteroides_merdae","s__Eubacterium_ramulus",1
"182","s__Parabacteroides_merdae","s__Blautia_obeum",1
"183","s__Parabacteroides_merdae","s__Dorea_formicigenerans",1
"184","s__Parabacteroides_merdae","s__Agathobaculum_butyriciproducens",1
"185","s__Parabacteroides_merdae","s__Gemmiger_formicilis",1
"186","s__Parabacteroides_merdae","s__Holdemania_filiformis",1
"187","s__Clostridium_sp_AM22_11AC","s__Clostridium_sp_CAG_122",1
"188","s__Clostridium_sp_AM22_11AC","s__Eubacterium_eligens",1
"189","s__Clostridium_sp_AM22_11AC","s__Eubacterium_hallii",1
"190","s__Clostridium_sp_AM22_11AC","s__Eubacterium_ramulus",1
"191","s__Clostridium_sp_AM22_11AC","s__Eubacterium_ventriosum",1
"192","s__Clostridium_sp_AM22_11AC","s__Anaerostipes_hadrus",1
"193","s__Clostridium_sp_AM22_11AC","s__Blautia_obeum",1
"194","s__Clostridium_sp_AM22_11AC","s__Ruminococcus_torques",1
"195","s__Clostridium_sp_AM22_11AC","s__Dorea_formicigenerans",1
"196","s__Clostridium_sp_AM22_11AC","s__Dorea_longicatena",1
"197","s__Clostridium_sp_AM22_11AC","s__Fusicatenibacter_saccharivorans",1
"198","s__Clostridium_sp_AM22_11AC","s__Eubacterium_rectale",1
"199","s__Clostridium_sp_AM22_11AC","s__Roseburia_faecis",1
"200","s__Clostridium_sp_AM22_11AC","s__Roseburia_hominis",1
"201","s__Clostridium_sp_AM22_11AC","s__Roseburia_intestinalis",1
"202","s__Clostridium_sp_AM22_11AC","s__Roseburia_inulinivorans",1
"203","s__Clostridium_sp_AM22_11AC","s__Oscillibacter_sp_57_20",1
"204","s__Clostridium_sp_AM22_11AC","s__Faecalibacterium_prausnitzii",1
"205","s__Clostridium_sp_AM22_11AC","s__Gemmiger_formicilis",1
"206","s__Clostridium_sp_AM22_11AC","s__Ruminococcus_bicirculans",1
"207","s__Clostridium_sp_AM22_11AC","s__Subdoligranulum_sp",1
"208","s__Clostridium_sp_AM22_11AC","s__Subdoligranulum_sp_APC924_74",1
"209","s__Clostridium_sp_AM22_11AC","s__Firmicutes_bacterium_AF16_15",1
"210","s__Clostridium_sp_AM22_11AC","s__Firmicutes_bacterium_CAG_103",1
"211","s__Clostridium_sp_AM22_11AC","s__Firmicutes_bacterium_CAG_41",1
"212","s__Clostridium_sp_CAG_122","s__Ruminococcus_torques",1
"213","s__Clostridium_sp_CAG_122","s__Dorea_longicatena",1
"214","s__Clostridium_sp_CAG_122","s__Fusicatenibacter_saccharivorans",1
"215","s__Clostridium_sp_CAG_122","s__Eubacterium_rectale",1
"216","s__Clostridium_sp_CAG_122","s__Roseburia_faecis",1
"217","s__Clostridium_sp_CAG_122","s__Roseburia_intestinalis",1
"218","s__Clostridium_sp_CAG_122","s__Roseburia_inulinivorans",1
"219","s__Clostridium_sp_CAG_12237_41","s__Eubacterium_ventriosum",1
"220","s__Clostridium_sp_CAG_169","s__Blautia_obeum",1
"221","s__Clostridium_sp_CAG_169","s__Dorea_formicigenerans",1
"222","s__Clostridium_sp_CAG_169","s__Oscillibacter_sp_57_20",1
"223","s__Clostridium_sp_CAG_169","s__Gemmiger_formicilis",1
"224","s__Clostridium_sp_CAG_169","s__Parasutterella_excrementihominis",1
"225","s__Clostridium_sp_CAG_58","s__Flavonifractor_plautii",1
"226","s__Clostridium_sp_CAG_58","s__Parasutterella_excrementihominis",1
"227","s__Clostridium_sp_CAG_75","s__Eubacterium_eligens",1
"228","s__Clostridium_sp_CAG_75","s__Ruminococcus_torques",1
"229","s__Clostridium_sp_CAG_75","s__Fusicatenibacter_saccharivorans",1
"230","s__Clostridium_sp_CAG_75","s__Roseburia_hominis",1
"231","s__Clostridium_sp_CAG_75","s__Ruminococcus_bicirculans",1
"232","s__Clostridium_sp_CAG_75","s__Phascolarctobacterium_faecium",1
"233","s__Intestinimonas_butyriciproducens","s__Ruminococcus_torques",1
"234","s__Intestinimonas_butyriciproducens","s__Fusicatenibacter_saccharivorans",1
"235","s__Intestinimonas_butyriciproducens","s__Flavonifractor_plautii",1
"236","s__Intestinimonas_butyriciproducens","s__Clostridium_leptum",1
"237","s__Intestinimonas_butyriciproducens","s__Ruthenibacterium_lactatiformans",1
"238","s__Lawsonibacter_asaccharolyticus","s__Blautia_obeum",1
"239","s__Lawsonibacter_asaccharolyticus","s__Dorea_formicigenerans",1
"240","s__Lawsonibacter_asaccharolyticus","s__Gemmiger_formicilis",1
"241","s__Lawsonibacter_asaccharolyticus","s__Clostridium_leptum",1
"242","s__Eubacterium_eligens","s__Eubacterium_ventriosum",1
"243","s__Eubacterium_eligens","s__Anaerostipes_hadrus",1
"244","s__Eubacterium_eligens","s__Ruminococcus_torques",1
"245","s__Eubacterium_eligens","s__Dorea_longicatena",1
"246","s__Eubacterium_eligens","s__Fusicatenibacter_saccharivorans",1
"247","s__Eubacterium_eligens","s__Eubacterium_rectale",1
"248","s__Eubacterium_eligens","s__Roseburia_faecis",1
"249","s__Eubacterium_eligens","s__Roseburia_hominis",1
"250","s__Eubacterium_eligens","s__Roseburia_intestinalis",1
"251","s__Eubacterium_eligens","s__Roseburia_inulinivorans",1
"252","s__Eubacterium_eligens","s__Faecalibacterium_prausnitzii",1
"253","s__Eubacterium_eligens","s__Ruminococcus_bicirculans",1
"254","s__Eubacterium_eligens","s__Firmicutes_bacterium_AF16_15",1
"255","s__Eubacterium_eligens","s__Firmicutes_bacterium_CAG_103",1
"256","s__Eubacterium_eligens","s__Phascolarctobacterium_faecium",1
"257","s__Eubacterium_hallii","s__Eubacterium_ramulus",1
"258","s__Eubacterium_hallii","s__Blautia_obeum",1
"259","s__Eubacterium_hallii","s__Ruminococcus_torques",1
"260","s__Eubacterium_hallii","s__Dorea_formicigenerans",1
"261","s__Eubacterium_hallii","s__Dorea_longicatena",1
"262","s__Eubacterium_hallii","s__Fusicatenibacter_saccharivorans",1
"263","s__Eubacterium_hallii","s__Eubacterium_rectale",1
"264","s__Eubacterium_hallii","s__Roseburia_faecis",1
"265","s__Eubacterium_hallii","s__Roseburia_hominis",1
"266","s__Eubacterium_hallii","s__Roseburia_intestinalis",1
"267","s__Eubacterium_hallii","s__Roseburia_inulinivorans",1
"268","s__Eubacterium_hallii","s__Gemmiger_formicilis",1
"269","s__Eubacterium_ramulus","s__Blautia_obeum",1
"270","s__Eubacterium_ramulus","s__Ruminococcus_torques",1
"271","s__Eubacterium_ramulus","s__Dorea_formicigenerans",1
"272","s__Eubacterium_ramulus","s__Dorea_longicatena",1
"273","s__Eubacterium_ramulus","s__Fusicatenibacter_saccharivorans",1
"274","s__Eubacterium_ramulus","s__Eubacterium_rectale",1
"275","s__Eubacterium_ramulus","s__Roseburia_faecis",1
"276","s__Eubacterium_ramulus","s__Roseburia_hominis",1
"277","s__Eubacterium_ramulus","s__Roseburia_intestinalis",1
"278","s__Eubacterium_ramulus","s__Roseburia_inulinivorans",1
"279","s__Eubacterium_ramulus","s__Gemmiger_formicilis",1
"280","s__Eubacterium_sp_36_13","s__Eubacterium_ventriosum",1
"281","s__Eubacterium_sp_CAG_115","s__Eubacterium_ventriosum",1
"282","s__Eubacterium_sp_CAG_115","s__Oscillibacter_sp_57_20",1
"283","s__Eubacterium_sp_CAG_38","s__Anaerostipes_hadrus",1
"284","s__Eubacterium_sp_CAG_38","s__Ruminococcus_gnavus",1
"285","s__Eubacterium_sp_CAG_38","s__Coprococcus_eutactus",1
"286","s__Eubacterium_sp_CAG_38","s__Eisenbergiella_massiliensis",1
"287","s__Eubacterium_sp_CAG_38","s__Roseburia_sp_CAG_100",1
"288","s__Eubacterium_sp_CAG_38","s__Roseburia_sp_CAG_10041_57",1
"289","s__Eubacterium_sp_CAG_38","s__Flavonifractor_plautii",1
"290","s__Eubacterium_sp_CAG_38","s__Dialister_invisus",1
"291","s__Eubacterium_sp_CAG_38","s__Bilophila_wadsworthia",1
"292","s__Eubacterium_ventriosum","s__Anaerostipes_hadrus",1
"293","s__Eubacterium_ventriosum","s__Blautia_obeum",1
"294","s__Eubacterium_ventriosum","s__Ruminococcus_torques",1
"295","s__Eubacterium_ventriosum","s__Dorea_formicigenerans",1
"296","s__Eubacterium_ventriosum","s__Dorea_longicatena",1
"297","s__Eubacterium_ventriosum","s__Fusicatenibacter_saccharivorans",1
"298","s__Eubacterium_ventriosum","s__Eubacterium_rectale",1
"299","s__Eubacterium_ventriosum","s__Roseburia_faecis",1
"300","s__Eubacterium_ventriosum","s__Roseburia_intestinalis",1
"301","s__Eubacterium_ventriosum","s__Roseburia_inulinivorans",1
"302","s__Eubacterium_ventriosum","s__Tyzzerella_sp",1
"303","s__Eubacterium_ventriosum","s__Oscillibacter_sp_57_20",1
"304","s__Eubacterium_ventriosum","s__Gemmiger_formicilis",1
"305","s__Eubacterium_ventriosum","s__Ruminococcus_bicirculans",1
"306","s__Eubacterium_ventriosum","s__Ruminococcus_lactaris",1
"307","s__Eubacterium_ventriosum","s__Holdemania_filiformis",1
"308","s__Eubacterium_ventriosum","s__Firmicutes_bacterium_AF16_15",1
"309","s__Eubacterium_ventriosum","s__Firmicutes_bacterium_CAG_103",1
"310","s__Eubacterium_ventriosum","s__Firmicutes_bacterium_CAG_56",1
"311","s__Eubacterium_ventriosum","s__Phascolarctobacterium_faecium",1
"312","s__Anaerostipes_hadrus","s__Blautia_obeum",1
"313","s__Anaerostipes_hadrus","s__Ruminococcus_torques",1
"314","s__Anaerostipes_hadrus","s__Dorea_formicigenerans",1
"315","s__Anaerostipes_hadrus","s__Dorea_longicatena",1
"316","s__Anaerostipes_hadrus","s__Fusicatenibacter_saccharivorans",1
"317","s__Anaerostipes_hadrus","s__Eubacterium_rectale",1
"318","s__Anaerostipes_hadrus","s__Roseburia_faecis",1
"319","s__Anaerostipes_hadrus","s__Roseburia_hominis",1
"320","s__Anaerostipes_hadrus","s__Roseburia_intestinalis",1
"321","s__Anaerostipes_hadrus","s__Roseburia_inulinivorans",1
"322","s__Anaerostipes_hadrus","s__Oscillibacter_sp_57_20",1
"323","s__Anaerostipes_hadrus","s__Faecalibacterium_prausnitzii",1
"324","s__Anaerostipes_hadrus","s__Flavonifractor_plautii",1
"325","s__Anaerostipes_hadrus","s__Gemmiger_formicilis",1
"326","s__Anaerostipes_hadrus","s__Clostridium_leptum",1
"327","s__Anaerostipes_hadrus","s__Ruminococcus_bicirculans",1
"328","s__Anaerostipes_hadrus","s__Ruthenibacterium_lactatiformans",1
"329","s__Anaerostipes_hadrus","s__Phascolarctobacterium_faecium",1
"330","s__Anaerostipes_hadrus","s__Parasutterella_excrementihominis",1
"331","s__Anaerotignum_lactatifermentans","s__Flavonifractor_plautii",1
"332","s__Anaerotignum_lactatifermentans","s__Ruthenibacterium_lactatiformans",1
"333","s__Blautia_obeum","s__Ruminococcus_torques",1
"334","s__Blautia_obeum","s__Dorea_formicigenerans",1
"335","s__Blautia_obeum","s__Dorea_longicatena",1
"336","s__Blautia_obeum","s__Fusicatenibacter_saccharivorans",1
"337","s__Blautia_obeum","s__Eubacterium_rectale",1
"338","s__Blautia_obeum","s__Roseburia_faecis",1
"339","s__Blautia_obeum","s__Roseburia_hominis",1
"340","s__Blautia_obeum","s__Roseburia_intestinalis",1
"341","s__Blautia_obeum","s__Roseburia_inulinivorans",1
"342","s__Blautia_obeum","s__Tyzzerella_sp",1
"343","s__Blautia_obeum","s__Oscillibacter_sp_57_20",1
"344","s__Blautia_obeum","s__Agathobaculum_butyriciproducens",1
"345","s__Blautia_obeum","s__Gemmiger_formicilis",1
"346","s__Blautia_obeum","s__Ruminococcus_lactaris",1
"347","s__Blautia_obeum","s__Subdoligranulum_sp",1
"348","s__Blautia_obeum","s__Subdoligranulum_sp_APC924_74",1
"349","s__Blautia_obeum","s__Holdemania_filiformis",1
"350","s__Blautia_obeum","s__Firmicutes_bacterium_AF16_15",1
"351","s__Blautia_obeum","s__Phascolarctobacterium_faecium",1
"352","s__Blautia_obeum","s__Parasutterella_excrementihominis",1
"353","s__Blautia_sp_CAG_52","s__Parasutterella_excrementihominis",1
"354","s__Ruminococcus_torques","s__Dorea_formicigenerans",1
"355","s__Ruminococcus_torques","s__Dorea_longicatena",1
"356","s__Ruminococcus_torques","s__Fusicatenibacter_saccharivorans",1
"357","s__Ruminococcus_torques","s__Lachnospira_pectinoschiza",1
"358","s__Ruminococcus_torques","s__Eubacterium_rectale",1
"359","s__Ruminococcus_torques","s__Roseburia_faecis",1
"360","s__Ruminococcus_torques","s__Roseburia_hominis",1
"361","s__Ruminococcus_torques","s__Roseburia_intestinalis",1
"362","s__Ruminococcus_torques","s__Roseburia_inulinivorans",1
"363","s__Ruminococcus_torques","s__Oscillibacter_sp_57_20",1
"364","s__Ruminococcus_torques","s__Faecalibacterium_prausnitzii",1
"365","s__Ruminococcus_torques","s__Flavonifractor_plautii",1
"366","s__Ruminococcus_torques","s__Gemmiger_formicilis",1
"367","s__Ruminococcus_torques","s__Clostridium_leptum",1
"368","s__Ruminococcus_torques","s__Ruminococcus_bicirculans",1
"369","s__Ruminococcus_torques","s__Ruminococcus_bromii",1
"370","s__Ruminococcus_torques","s__Subdoligranulum_sp",1
"371","s__Ruminococcus_torques","s__Subdoligranulum_sp_APC924_74",1
"372","s__Ruminococcus_torques","s__Firmicutes_bacterium_AF16_15",1
"373","s__Ruminococcus_torques","s__Firmicutes_bacterium_CAG_103",1
"374","s__Ruminococcus_torques","s__Firmicutes_bacterium_CAG_41",1
"375","s__Ruminococcus_torques","s__Phascolarctobacterium_faecium",1
"376","s__Coprococcus_eutactus","s__Oscillibacter_sp_57_20",1
"377","s__Dorea_formicigenerans","s__Dorea_longicatena",1
"378","s__Dorea_formicigenerans","s__Fusicatenibacter_saccharivorans",1
"379","s__Dorea_formicigenerans","s__Eubacterium_rectale",1
"380","s__Dorea_formicigenerans","s__Roseburia_faecis",1
"381","s__Dorea_formicigenerans","s__Roseburia_hominis",1
"382","s__Dorea_formicigenerans","s__Roseburia_intestinalis",1
"383","s__Dorea_formicigenerans","s__Roseburia_inulinivorans",1
"384","s__Dorea_formicigenerans","s__Tyzzerella_sp",1
"385","s__Dorea_formicigenerans","s__Oscillibacter_sp_57_20",1
"386","s__Dorea_formicigenerans","s__Agathobaculum_butyriciproducens",1
"387","s__Dorea_formicigenerans","s__Gemmiger_formicilis",1
"388","s__Dorea_formicigenerans","s__Ruminococcus_lactaris",1
"389","s__Dorea_formicigenerans","s__Subdoligranulum_sp",1
"390","s__Dorea_formicigenerans","s__Subdoligranulum_sp_APC924_74",1
"391","s__Dorea_formicigenerans","s__Holdemania_filiformis",1
"392","s__Dorea_formicigenerans","s__Firmicutes_bacterium_AF16_15",1
"393","s__Dorea_formicigenerans","s__Phascolarctobacterium_faecium",1
"394","s__Dorea_formicigenerans","s__Parasutterella_excrementihominis",1
"395","s__Dorea_longicatena","s__Fusicatenibacter_saccharivorans",1
"396","s__Dorea_longicatena","s__Eubacterium_rectale",1
"397","s__Dorea_longicatena","s__Roseburia_faecis",1
"398","s__Dorea_longicatena","s__Roseburia_hominis",1
"399","s__Dorea_longicatena","s__Roseburia_intestinalis",1
"400","s__Dorea_longicatena","s__Roseburia_inulinivorans",1
"401","s__Dorea_longicatena","s__Oscillibacter_sp_57_20",1
"402","s__Dorea_longicatena","s__Faecalibacterium_prausnitzii",1
"403","s__Dorea_longicatena","s__Gemmiger_formicilis",1
"404","s__Dorea_longicatena","s__Ruminococcus_bicirculans",1
"405","s__Dorea_longicatena","s__Subdoligranulum_sp",1
"406","s__Dorea_longicatena","s__Subdoligranulum_sp_APC924_74",1
"407","s__Dorea_longicatena","s__Firmicutes_bacterium_AF16_15",1
"408","s__Dorea_longicatena","s__Firmicutes_bacterium_CAG_103",1
"409","s__Dorea_longicatena","s__Firmicutes_bacterium_CAG_41",1
"410","s__Fusicatenibacter_saccharivorans","s__Lachnospira_pectinoschiza",1
"411","s__Fusicatenibacter_saccharivorans","s__Eubacterium_rectale",1
"412","s__Fusicatenibacter_saccharivorans","s__Roseburia_faecis",1
"413","s__Fusicatenibacter_saccharivorans","s__Roseburia_hominis",1
"414","s__Fusicatenibacter_saccharivorans","s__Roseburia_intestinalis",1
"415","s__Fusicatenibacter_saccharivorans","s__Roseburia_inulinivorans",1
"416","s__Fusicatenibacter_saccharivorans","s__Oscillibacter_sp_57_20",1
"417","s__Fusicatenibacter_saccharivorans","s__Faecalibacterium_prausnitzii",1
"418","s__Fusicatenibacter_saccharivorans","s__Flavonifractor_plautii",1
"419","s__Fusicatenibacter_saccharivorans","s__Gemmiger_formicilis",1
"420","s__Fusicatenibacter_saccharivorans","s__Clostridium_leptum",1
"421","s__Fusicatenibacter_saccharivorans","s__Ruminococcus_bicirculans",1
"422","s__Fusicatenibacter_saccharivorans","s__Ruminococcus_bromii",1
"423","s__Fusicatenibacter_saccharivorans","s__Subdoligranulum_sp",1
"424","s__Fusicatenibacter_saccharivorans","s__Subdoligranulum_sp_APC924_74",1
"425","s__Fusicatenibacter_saccharivorans","s__Firmicutes_bacterium_AF16_15",1
"426","s__Fusicatenibacter_saccharivorans","s__Firmicutes_bacterium_CAG_103",1
"427","s__Fusicatenibacter_saccharivorans","s__Firmicutes_bacterium_CAG_41",1
"428","s__Fusicatenibacter_saccharivorans","s__Phascolarctobacterium_faecium",1
"429","s__Lachnospira_pectinoschiza","s__Roseburia_hominis",1
"430","s__Lachnospira_pectinoschiza","s__Ruthenibacterium_lactatiformans",1
"431","s__Eubacterium_rectale","s__Roseburia_faecis",1
"432","s__Eubacterium_rectale","s__Roseburia_hominis",1
"433","s__Eubacterium_rectale","s__Roseburia_intestinalis",1
"434","s__Eubacterium_rectale","s__Roseburia_inulinivorans",1
"435","s__Eubacterium_rectale","s__Oscillibacter_sp_57_20",1
"436","s__Eubacterium_rectale","s__Faecalibacterium_prausnitzii",1
"437","s__Eubacterium_rectale","s__Gemmiger_formicilis",1
"438","s__Eubacterium_rectale","s__Ruminococcus_bicirculans",1
"439","s__Eubacterium_rectale","s__Subdoligranulum_sp",1
"440","s__Eubacterium_rectale","s__Subdoligranulum_sp_APC924_74",1
"441","s__Eubacterium_rectale","s__Firmicutes_bacterium_AF16_15",1
"442","s__Eubacterium_rectale","s__Firmicutes_bacterium_CAG_103",1
"443","s__Eubacterium_rectale","s__Firmicutes_bacterium_CAG_41",1
"444","s__Roseburia_faecis","s__Roseburia_hominis",1
"445","s__Roseburia_faecis","s__Roseburia_intestinalis",1
"446","s__Roseburia_faecis","s__Roseburia_inulinivorans",1
"447","s__Roseburia_faecis","s__Oscillibacter_sp_57_20",1
"448","s__Roseburia_faecis","s__Faecalibacterium_prausnitzii",1
"449","s__Roseburia_faecis","s__Gemmiger_formicilis",1
"450","s__Roseburia_faecis","s__Ruminococcus_bicirculans",1
"451","s__Roseburia_faecis","s__Subdoligranulum_sp",1
"452","s__Roseburia_faecis","s__Subdoligranulum_sp_APC924_74",1
"453","s__Roseburia_faecis","s__Firmicutes_bacterium_AF16_15",1
"454","s__Roseburia_faecis","s__Firmicutes_bacterium_CAG_103",1
"455","s__Roseburia_faecis","s__Firmicutes_bacterium_CAG_41",1
"456","s__Roseburia_hominis","s__Roseburia_intestinalis",1
"457","s__Roseburia_hominis","s__Roseburia_inulinivorans",1
"458","s__Roseburia_hominis","s__Faecalibacterium_prausnitzii",1
"459","s__Roseburia_hominis","s__Gemmiger_formicilis",1
"460","s__Roseburia_hominis","s__Ruminococcus_bicirculans",1
"461","s__Roseburia_hominis","s__Ruminococcus_bromii",1
"462","s__Roseburia_hominis","s__Subdoligranulum_sp",1
"463","s__Roseburia_hominis","s__Subdoligranulum_sp_APC924_74",1
"464","s__Roseburia_hominis","s__Firmicutes_bacterium_AF16_15",1
"465","s__Roseburia_hominis","s__Phascolarctobacterium_faecium",1
"466","s__Roseburia_intestinalis","s__Roseburia_inulinivorans",1
"467","s__Roseburia_intestinalis","s__Oscillibacter_sp_57_20",1
"468","s__Roseburia_intestinalis","s__Faecalibacterium_prausnitzii",1
"469","s__Roseburia_intestinalis","s__Gemmiger_formicilis",1
"470","s__Roseburia_intestinalis","s__Ruminococcus_bicirculans",1
"471","s__Roseburia_intestinalis","s__Subdoligranulum_sp",1
"472","s__Roseburia_intestinalis","s__Subdoligranulum_sp_APC924_74",1
"473","s__Roseburia_intestinalis","s__Firmicutes_bacterium_AF16_15",1
"474","s__Roseburia_intestinalis","s__Firmicutes_bacterium_CAG_103",1
"475","s__Roseburia_intestinalis","s__Firmicutes_bacterium_CAG_41",1
"476","s__Roseburia_inulinivorans","s__Oscillibacter_sp_57_20",1
"477","s__Roseburia_inulinivorans","s__Faecalibacterium_prausnitzii",1
"478","s__Roseburia_inulinivorans","s__Gemmiger_formicilis",1
"479","s__Roseburia_inulinivorans","s__Ruminococcus_bicirculans",1
"480","s__Roseburia_inulinivorans","s__Subdoligranulum_sp",1
"481","s__Roseburia_inulinivorans","s__Subdoligranulum_sp_APC924_74",1
"482","s__Roseburia_inulinivorans","s__Firmicutes_bacterium_AF16_15",1
"483","s__Roseburia_inulinivorans","s__Firmicutes_bacterium_CAG_103",1
"484","s__Roseburia_inulinivorans","s__Firmicutes_bacterium_CAG_41",1
"485","s__Roseburia_sp_CAG_100","s__Oscillibacter_sp_57_20",1
"486","s__Roseburia_sp_CAG_10041_57","s__Oscillibacter_sp_57_20",1
"487","s__Tyzzerella_sp","s__Gemmiger_formicilis",1
"488","s__Tyzzerella_sp","s__Phascolarctobacterium_faecium",1
"489","s__Oscillibacter_sp_57_20","s__Gemmiger_formicilis",1
"490","s__Oscillibacter_sp_57_20","s__Firmicutes_bacterium_CAG_56",1
"491","s__Oscillibacter_sp_57_20","s__Veillonella_atypica",1
"492","s__Oscillibacter_sp_57_20","s__Veillonella_dispar",1
"493","s__Oscillibacter_sp_57_20","s__Veillonella_parvula",1
"494","s__Oscillibacter_sp_57_20","s__Parasutterella_excrementihominis",1
"495","s__Agathobaculum_butyriciproducens","s__Gemmiger_formicilis",1
"496","s__Agathobaculum_butyriciproducens","s__Clostridium_leptum",1
"497","s__Faecalibacterium_prausnitzii","s__Flavonifractor_plautii",1
"498","s__Faecalibacterium_prausnitzii","s__Ruminococcus_bicirculans",1
"499","s__Faecalibacterium_prausnitzii","s__Ruthenibacterium_lactatiformans",1
"500","s__Flavonifractor_plautii","s__Clostridium_leptum",1
"501","s__Flavonifractor_plautii","s__Ruminococcus_bromii",1
"502","s__Flavonifractor_plautii","s__Firmicutes_bacterium_CAG_103",1
"503","s__Flavonifractor_plautii","s__Firmicutes_bacterium_CAG_41",1
"504","s__Gemmiger_formicilis","s__Ruminococcus_lactaris",1
"505","s__Gemmiger_formicilis","s__Subdoligranulum_sp",1
"506","s__Gemmiger_formicilis","s__Subdoligranulum_sp_APC924_74",1
"507","s__Gemmiger_formicilis","s__Holdemania_filiformis",1
"508","s__Gemmiger_formicilis","s__Firmicutes_bacterium_AF16_15",1
"509","s__Gemmiger_formicilis","s__Phascolarctobacterium_faecium",1
"510","s__Gemmiger_formicilis","s__Parasutterella_excrementihominis",1
"511","s__Clostridium_leptum","s__Ruminococcaceae_bacterium_KLE1738",1
"512","s__Clostridium_leptum","s__Firmicutes_bacterium_CAG_114",1
"513","s__Clostridium_leptum","s__Firmicutes_bacterium_CAG_41",1
"514","s__Ruminococcus_bicirculans","s__Firmicutes_bacterium_AF16_15",1
"515","s__Ruminococcus_bicirculans","s__Firmicutes_bacterium_CAG_103",1
"516","s__Ruminococcus_bicirculans","s__Phascolarctobacterium_faecium",1
"517","s__Ruminococcus_lactaris","s__Phascolarctobacterium_faecium",1
"518","s__Subdoligranulum_sp","s__Subdoligranulum_sp_APC924_74",1
"519","s__Holdemania_filiformis","s__Phascolarctobacterium_faecium",1
"520","s__Firmicutes_bacterium_AF16_15","s__Phascolarctobacterium_faecium",1
"521","s__Firmicutes_bacterium_CAG_129","s__Phascolarctobacterium_faecium",1
"522","s__Parasutterella_excrementihominis","s__Escherichia_coli",1
