"","sp1","sp2","noWeight"
"1","s__Bifidobacterium_adolescentis","s__Bacteroides_eggerthii",1
"2","s__Bifidobacterium_adolescentis","s__Alistipes_finegoldii",1
"3","s__Bifidobacterium_adolescentis","s__Eubacterium_ramulus",1
"4","s__Bifidobacterium_adolescentis","s__Blautia_sp_CAG_52",1
"5","s__Bifidobacterium_adolescentis","s__Ruminococcus_lactaris",1
"6","s__Bifidobacterium_adolescentis","s__Firmicutes_bacterium_CAG_83",1
"7","s__Bifidobacterium_longum","s__Clostridium_sp_CAG_242",1
"8","s__Bifidobacterium_longum","s__Eisenbergiella_massiliensis",1
"9","s__Bifidobacterium_longum","s__Clostridium_bolteae",1
"10","s__Bifidobacterium_longum","s__Roseburia_inulinivorans",1
"11","s__Bifidobacterium_longum","s__Dialister_invisus",1
"12","s__Collinsella_aerofaciens","s__Bacteroides_dorei",1
"13","s__Collinsella_aerofaciens","s__Bacteroides_stercoris",1
"14","s__Collinsella_aerofaciens","s__Bacteroides_thetaiotaomicron",1
"15","s__Collinsella_aerofaciens","s__Bacteroides_xylanisolvens",1
"16","s__Collinsella_aerofaciens","s__Alistipes_finegoldii",1
"17","s__Collinsella_aerofaciens","s__Alistipes_obesi",1
"18","s__Collinsella_aerofaciens","s__Alistipes_shahii",1
"19","s__Collinsella_aerofaciens","s__Eubacterium_eligens",1
"20","s__Collinsella_aerofaciens","s__Eubacterium_sp_36_13",1
"21","s__Collinsella_aerofaciens","s__Anaerostipes_hadrus",1
"22","s__Collinsella_aerofaciens","s__Blautia_obeum",1
"23","s__Collinsella_aerofaciens","s__Eubacterium_rectale",1
"24","s__Collinsella_aerofaciens","s__Tyzzerella_sp",1
"25","s__Collinsella_aerofaciens","s__Ruminococcus_bicirculans",1
"26","s__Collinsella_aerofaciens","s__Subdoligranulum_sp",1
"27","s__Collinsella_aerofaciens","s__Firmicutes_bacterium_CAG_103",1
"28","s__Collinsella_aerofaciens","s__Firmicutes_bacterium_CAG_56",1
"29","s__Bacteroides_caccae","s__Bacteroides_stercoris",1
"30","s__Bacteroides_caccae","s__Bacteroides_uniformis",1
"31","s__Bacteroides_caccae","s__Bacteroides_vulgatus",1
"32","s__Bacteroides_caccae","s__Prevotella_copri",1
"33","s__Bacteroides_caccae","s__Parabacteroides_distasonis",1
"34","s__Bacteroides_caccae","s__Parabacteroides_merdae",1
"35","s__Bacteroides_caccae","s__Ruminococcus_torques",1
"36","s__Bacteroides_caccae","s__Eubacterium_rectale",1
"37","s__Bacteroides_caccae","s__Roseburia_faecis",1
"38","s__Bacteroides_caccae","s__Roseburia_hominis",1
"39","s__Bacteroides_caccae","s__Roseburia_inulinivorans",1
"40","s__Bacteroides_cellulosilyticus","s__Bacteroides_massiliensis",1
"41","s__Bacteroides_cellulosilyticus","s__Bacteroides_xylanisolvens",1
"42","s__Bacteroides_cellulosilyticus","s__Parabacteroides_merdae",1
"43","s__Bacteroides_cellulosilyticus","s__Clostridium_sp_CAG_58",1
"44","s__Bacteroides_cellulosilyticus","s__Roseburia_inulinivorans",1
"45","s__Bacteroides_cellulosilyticus","s__Dielma_fastidiosa",1
"46","s__Bacteroides_cellulosilyticus","s__Parasutterella_excrementihominis",1
"47","s__Bacteroides_dorei","s__Bacteroides_stercoris",1
"48","s__Bacteroides_dorei","s__Bacteroides_uniformis",1
"49","s__Bacteroides_dorei","s__Alistipes_finegoldii",1
"50","s__Bacteroides_dorei","s__Parabacteroides_distasonis",1
"51","s__Bacteroides_dorei","s__Coprococcus_comes",1
"52","s__Bacteroides_dorei","s__Agathobaculum_butyriciproducens",1
"53","s__Bacteroides_eggerthii","s__Alistipes_finegoldii",1
"54","s__Bacteroides_eggerthii","s__Blautia_sp_CAG_52",1
"55","s__Bacteroides_eggerthii","s__Ruminococcus_torques",1
"56","s__Bacteroides_eggerthii","s__Oscillibacter_sp_57_20",1
"57","s__Bacteroides_massiliensis","s__Bacteroides_xylanisolvens",1
"58","s__Bacteroides_massiliensis","s__Prevotella_copri",1
"59","s__Bacteroides_massiliensis","s__Eubacterium_sp_36_13",1
"60","s__Bacteroides_massiliensis","s__Fusicatenibacter_saccharivorans",1
"61","s__Bacteroides_massiliensis","s__Ruminococcus_bromii",1
"62","s__Bacteroides_massiliensis","s__Subdoligranulum_sp",1
"63","s__Bacteroides_massiliensis","s__Subdoligranulum_sp_APC924_74",1
"64","s__Bacteroides_ovatus","s__Bacteroides_uniformis",1
"65","s__Bacteroides_ovatus","s__Parabacteroides_distasonis",1
"66","s__Bacteroides_plebeius","s__Agathobaculum_butyriciproducens",1
"67","s__Bacteroides_plebeius","s__Firmicutes_bacterium_CAG_56",1
"68","s__Bacteroides_stercoris","s__Bacteroides_uniformis",1
"69","s__Bacteroides_stercoris","s__Alistipes_finegoldii",1
"70","s__Bacteroides_stercoris","s__Parabacteroides_distasonis",1
"71","s__Bacteroides_stercoris","s__Parabacteroides_merdae",1
"72","s__Bacteroides_stercoris","s__Blautia_obeum",1
"73","s__Bacteroides_stercoris","s__Ruminococcus_torques",1
"74","s__Bacteroides_thetaiotaomicron","s__Bacteroides_uniformis",1
"75","s__Bacteroides_thetaiotaomicron","s__Bacteroides_xylanisolvens",1
"76","s__Bacteroides_thetaiotaomicron","s__Alistipes_finegoldii",1
"77","s__Bacteroides_thetaiotaomicron","s__Alistipes_putredinis",1
"78","s__Bacteroides_thetaiotaomicron","s__Parabacteroides_distasonis",1
"79","s__Bacteroides_thetaiotaomicron","s__Parabacteroides_merdae",1
"80","s__Bacteroides_thetaiotaomicron","s__Anaerostipes_hadrus",1
"81","s__Bacteroides_thetaiotaomicron","s__Blautia_obeum",1
"82","s__Bacteroides_thetaiotaomicron","s__Ruminococcus_torques",1
"83","s__Bacteroides_thetaiotaomicron","s__Dorea_formicigenerans",1
"84","s__Bacteroides_thetaiotaomicron","s__Roseburia_faecis",1
"85","s__Bacteroides_thetaiotaomicron","s__Ruminococcus_bicirculans",1
"86","s__Bacteroides_thetaiotaomicron","s__Ruthenibacterium_lactatiformans",1
"87","s__Bacteroides_uniformis","s__Bacteroides_xylanisolvens",1
"88","s__Bacteroides_uniformis","s__Parabacteroides_distasonis",1
"89","s__Bacteroides_uniformis","s__Parabacteroides_merdae",1
"90","s__Bacteroides_uniformis","s__Blautia_obeum",1
"91","s__Bacteroides_uniformis","s__Eubacterium_rectale",1
"92","s__Bacteroides_uniformis","s__Faecalibacterium_prausnitzii",1
"93","s__Bacteroides_vulgatus","s__Parabacteroides_merdae",1
"94","s__Bacteroides_vulgatus","s__Anaerostipes_hadrus",1
"95","s__Bacteroides_xylanisolvens","s__Alistipes_putredinis",1
"96","s__Bacteroides_xylanisolvens","s__Alistipes_shahii",1
"97","s__Bacteroides_xylanisolvens","s__Parabacteroides_distasonis",1
"98","s__Bacteroides_xylanisolvens","s__Parabacteroides_merdae",1
"99","s__Bacteroides_xylanisolvens","s__Anaerostipes_hadrus",1
"100","s__Bacteroides_xylanisolvens","s__Roseburia_inulinivorans",1
"101","s__Bacteroides_xylanisolvens","s__Ruminococcus_bicirculans",1
"102","s__Bacteroides_xylanisolvens","s__Firmicutes_bacterium_CAG_56",1
"103","s__Bacteroides_xylanisolvens","s__Parasutterella_excrementihominis",1
"104","s__Barnesiella_intestinihominis","s__Parasutterella_excrementihominis",1
"105","s__Butyricimonas_sp","s__Odoribacter_splanchnicus",1
"106","s__Butyricimonas_sp","s__Coprococcus_comes",1
"107","s__Butyricimonas_sp","s__Oscillibacter_sp_57_20",1
"108","s__Butyricimonas_sp","s__Bilophila_wadsworthia",1
"109","s__Butyricimonas_synergistica","s__Odoribacter_splanchnicus",1
"110","s__Butyricimonas_synergistica","s__Alistipes_shahii",1
"111","s__Butyricimonas_synergistica","s__Lawsonibacter_asaccharolyticus",1
"112","s__Butyricimonas_virosa","s__Odoribacter_splanchnicus",1
"113","s__Butyricimonas_virosa","s__Alistipes_shahii",1
"114","s__Butyricimonas_virosa","s__Coprococcus_comes",1
"115","s__Butyricimonas_virosa","s__Oscillibacter_sp_57_20",1
"116","s__Odoribacter_splanchnicus","s__Alistipes_obesi",1
"117","s__Odoribacter_splanchnicus","s__Alistipes_shahii",1
"118","s__Odoribacter_splanchnicus","s__Clostridium_sp_AM22_11AC",1
"119","s__Odoribacter_splanchnicus","s__Lawsonibacter_asaccharolyticus",1
"120","s__Odoribacter_splanchnicus","s__Blautia_hydrogenotrophica",1
"121","s__Odoribacter_splanchnicus","s__Blautia_sp",1
"122","s__Odoribacter_splanchnicus","s__Roseburia_sp_CAG_100",1
"123","s__Odoribacter_splanchnicus","s__Tyzzerella_sp",1
"124","s__Odoribacter_splanchnicus","s__Oscillibacter_sp_57_20",1
"125","s__Odoribacter_splanchnicus","s__Agathobaculum_butyriciproducens",1
"126","s__Odoribacter_splanchnicus","s__Faecalibacterium_sp_CAG_74",1
"127","s__Odoribacter_splanchnicus","s__Firmicutes_bacterium_CAG_103",1
"128","s__Odoribacter_splanchnicus","s__Firmicutes_bacterium_CAG_114",1
"129","s__Odoribacter_splanchnicus","s__Sutterella_wadsworthensis",1
"130","s__Odoribacter_splanchnicus","s__Bilophila_wadsworthia",1
"131","s__Prevotella_copri","s__Eubacterium_sp_CAG_251",1
"132","s__Prevotella_copri","s__Roseburia_inulinivorans",1
"133","s__Prevotella_copri","s__Gemmiger_formicilis",1
"134","s__Prevotella_copri","s__Subdoligranulum_sp",1
"135","s__Prevotella_copri","s__Firmicutes_bacterium_CAG_65_45_313",1
"136","s__Alistipes_finegoldii","s__Alistipes_putredinis",1
"137","s__Alistipes_finegoldii","s__Alistipes_shahii",1
"138","s__Alistipes_finegoldii","s__Eubacterium_hallii",1
"139","s__Alistipes_finegoldii","s__Eubacterium_ramulus",1
"140","s__Alistipes_finegoldii","s__Eubacterium_sp_36_13",1
"141","s__Alistipes_finegoldii","s__Blautia_sp_CAG_52",1
"142","s__Alistipes_finegoldii","s__Coprococcus_comes",1
"143","s__Alistipes_finegoldii","s__Oscillibacter_sp_57_20",1
"144","s__Alistipes_finegoldii","s__Oscillibacter_sp_CAG_241",1
"145","s__Alistipes_finegoldii","s__Gemmiger_formicilis",1
"146","s__Alistipes_finegoldii","s__Ruminococcaceae_bacterium_KLE1738",1
"147","s__Alistipes_finegoldii","s__Ruminococcus_bromii",1
"148","s__Alistipes_finegoldii","s__Subdoligranulum_sp",1
"149","s__Alistipes_finegoldii","s__Subdoligranulum_sp_APC924_74",1
"150","s__Alistipes_finegoldii","s__Firmicutes_bacterium_CAG_41",1
"151","s__Alistipes_finegoldii","s__Firmicutes_bacterium_CAG_83",1
"152","s__Alistipes_finegoldii","s__Parasutterella_excrementihominis",1
"153","s__Alistipes_obesi","s__Alistipes_shahii",1
"154","s__Alistipes_obesi","s__Agathobaculum_butyriciproducens",1
"155","s__Alistipes_obesi","s__Firmicutes_bacterium_CAG_56",1
"156","s__Alistipes_obesi","s__Bilophila_wadsworthia",1
"157","s__Alistipes_putredinis","s__Parabacteroides_merdae",1
"158","s__Alistipes_putredinis","s__Clostridium_sp_AM22_11AC",1
"159","s__Alistipes_putredinis","s__Blautia_sp_CAG_52",1
"160","s__Alistipes_putredinis","s__Ruminococcus_torques",1
"161","s__Alistipes_putredinis","s__Coprococcus_comes",1
"162","s__Alistipes_putredinis","s__Dorea_formicigenerans",1
"163","s__Alistipes_putredinis","s__Fusicatenibacter_saccharivorans",1
"164","s__Alistipes_putredinis","s__Roseburia_inulinivorans",1
"165","s__Alistipes_putredinis","s__Oscillibacter_sp_57_20",1
"166","s__Alistipes_putredinis","s__Flavonifractor_plautii",1
"167","s__Alistipes_putredinis","s__Dielma_fastidiosa",1
"168","s__Alistipes_shahii","s__Eubacterium_sp_36_13",1
"169","s__Alistipes_shahii","s__Eubacterium_sp_CAG_251",1
"170","s__Alistipes_shahii","s__Anaerostipes_hadrus",1
"171","s__Alistipes_shahii","s__Blautia_obeum",1
"172","s__Alistipes_shahii","s__Blautia_sp",1
"173","s__Alistipes_shahii","s__Ruminococcus_torques",1
"174","s__Alistipes_shahii","s__Roseburia_sp_CAG_100",1
"175","s__Alistipes_shahii","s__Tyzzerella_sp",1
"176","s__Alistipes_shahii","s__Oscillibacter_sp_57_20",1
"177","s__Alistipes_shahii","s__Agathobaculum_butyriciproducens",1
"178","s__Alistipes_shahii","s__Faecalibacterium_sp_CAG_74",1
"179","s__Alistipes_shahii","s__Ruminococcus_bicirculans",1
"180","s__Alistipes_shahii","s__Firmicutes_bacterium_AF16_15",1
"181","s__Alistipes_shahii","s__Firmicutes_bacterium_CAG_103",1
"182","s__Alistipes_shahii","s__Firmicutes_bacterium_CAG_56",1
"183","s__Alistipes_shahii","s__Firmicutes_bacterium_CAG_65_45_313",1
"184","s__Alistipes_shahii","s__Bilophila_wadsworthia",1
"185","s__Parabacteroides_distasonis","s__Parabacteroides_merdae",1
"186","s__Parabacteroides_distasonis","s__Blautia_obeum",1
"187","s__Parabacteroides_distasonis","s__Eubacterium_rectale",1
"188","s__Parabacteroides_distasonis","s__Faecalibacterium_prausnitzii",1
"189","s__Parabacteroides_merdae","s__Anaerostipes_hadrus",1
"190","s__Parabacteroides_merdae","s__Ruminococcus_torques",1
"191","s__Parabacteroides_merdae","s__Eubacterium_rectale",1
"192","s__Parabacteroides_merdae","s__Roseburia_faecis",1
"193","s__Parabacteroides_merdae","s__Roseburia_inulinivorans",1
"194","s__Parabacteroides_merdae","s__Dielma_fastidiosa",1
"195","s__Parabacteroides_merdae","s__Parasutterella_excrementihominis",1
"196","s__Streptococcus_salivarius","s__Veillonella_parvula",1
"197","s__Streptococcus_salivarius","s__Escherichia_coli",1
"198","s__Clostridium_sp_AM22_11AC","s__Tyzzerella_sp",1
"199","s__Clostridium_sp_AM22_11AC","s__Agathobaculum_butyriciproducens",1
"200","s__Clostridium_sp_AM22_11AC","s__Holdemania_filiformis",1
"201","s__Clostridium_sp_AM22_11AC","s__Firmicutes_bacterium_CAG_94",1
"202","s__Clostridium_sp_AM22_11AC","s__Sutterella_wadsworthensis",1
"203","s__Clostridium_sp_CAG_242","s__Dialister_invisus",1
"204","s__Clostridium_sp_CAG_242","s__Proteobacteria_bacterium_CAG_139",1
"205","s__Clostridium_sp_CAG_245","s__Ruminococcus_torques",1
"206","s__Clostridium_sp_CAG_245","s__Firmicutes_bacterium_CAG_56",1
"207","s__Clostridium_sp_CAG_299","s__Dialister_invisus",1
"208","s__Clostridium_sp_CAG_58","s__Bilophila_wadsworthia",1
"209","s__Intestinimonas_butyriciproducens","s__Clostridium_lavalense",1
"210","s__Intestinimonas_butyriciproducens","s__Clostridium_leptum",1
"211","s__Lawsonibacter_asaccharolyticus","s__Blautia_obeum",1
"212","s__Lawsonibacter_asaccharolyticus","s__Blautia_sp",1
"213","s__Lawsonibacter_asaccharolyticus","s__Clostridium_lavalense",1
"214","s__Lawsonibacter_asaccharolyticus","s__Agathobaculum_butyriciproducens",1
"215","s__Lawsonibacter_asaccharolyticus","s__Ruthenibacterium_lactatiformans",1
"216","s__Lawsonibacter_asaccharolyticus","s__Bilophila_wadsworthia",1
"217","s__Eubacterium_eligens","s__Anaerostipes_hadrus",1
"218","s__Eubacterium_eligens","s__Eubacterium_rectale",1
"219","s__Eubacterium_hallii","s__Blautia_obeum",1
"220","s__Eubacterium_hallii","s__Blautia_sp_CAG_52",1
"221","s__Eubacterium_hallii","s__Ruminococcus_torques",1
"222","s__Eubacterium_hallii","s__Dorea_formicigenerans",1
"223","s__Eubacterium_hallii","s__Dorea_longicatena",1
"224","s__Eubacterium_ramulus","s__Blautia_sp_CAG_52",1
"225","s__Eubacterium_ramulus","s__Ruminococcus_torques",1
"226","s__Eubacterium_ramulus","s__Oscillibacter_sp_57_20",1
"227","s__Eubacterium_sp_36_13","s__Ruminococcus_torques",1
"228","s__Eubacterium_sp_36_13","s__Firmicutes_bacterium_AF16_15",1
"229","s__Eubacterium_sp_36_13","s__Firmicutes_bacterium_CAG_56",1
"230","s__Eubacterium_sp_36_13","s__Firmicutes_bacterium_CAG_65_45_313",1
"231","s__Eubacterium_sp_36_13","s__Parasutterella_excrementihominis",1
"232","s__Eubacterium_sp_CAG_251","s__Oscillibacter_sp_57_20",1
"233","s__Eubacterium_sp_CAG_38","s__Dorea_formicigenerans",1
"234","s__Anaerostipes_hadrus","s__Eubacterium_rectale",1
"235","s__Anaerostipes_hadrus","s__Roseburia_faecis",1
"236","s__Anaerostipes_hadrus","s__Ruminococcus_bicirculans",1
"237","s__Anaerostipes_hadrus","s__Parasutterella_excrementihominis",1
"238","s__Blautia_hydrogenotrophica","s__Ruminococcus_gnavus",1
"239","s__Blautia_obeum","s__Ruthenibacterium_lactatiformans",1
"240","s__Blautia_sp","s__Oscillibacter_sp_57_20",1
"241","s__Blautia_sp_CAG_52","s__Ruminococcus_torques",1
"242","s__Blautia_sp_CAG_52","s__Dorea_formicigenerans",1
"243","s__Blautia_sp_CAG_52","s__Oscillibacter_sp_57_20",1
"244","s__Blautia_sp_CAG_52","s__Agathobaculum_butyriciproducens",1
"245","s__Blautia_sp_CAG_52","s__Firmicutes_bacterium_CAG_83",1
"246","s__Ruminococcus_gnavus","s__Eisenbergiella_tayi",1
"247","s__Ruminococcus_gnavus","s__Clostridium_clostridioforme",1
"248","s__Ruminococcus_gnavus","s__Clostridium_symbiosum",1
"249","s__Ruminococcus_gnavus","s__Anaeromassilibacillus_sp_An250",1
"250","s__Ruminococcus_gnavus","s__Dialister_invisus",1
"251","s__Ruminococcus_torques","s__Dorea_formicigenerans",1
"252","s__Ruminococcus_torques","s__Tyzzerella_sp",1
"253","s__Ruminococcus_torques","s__Oscillibacter_sp_57_20",1
"254","s__Ruminococcus_torques","s__Firmicutes_bacterium_CAG_56",1
"255","s__Coprococcus_comes","s__Oscillibacter_sp_57_20",1
"256","s__Coprococcus_comes","s__Oscillibacter_sp_CAG_241",1
"257","s__Coprococcus_comes","s__Agathobaculum_butyriciproducens",1
"258","s__Coprococcus_comes","s__Gemmiger_formicilis",1
"259","s__Dorea_formicigenerans","s__Oscillibacter_sp_57_20",1
"260","s__Dorea_longicatena","s__Eisenbergiella_massiliensis",1
"261","s__Dorea_longicatena","s__Firmicutes_bacterium_AF16_15",1
"262","s__Eisenbergiella_tayi","s__Clostridium_symbiosum",1
"263","s__Fusicatenibacter_saccharivorans","s__Gemmiger_formicilis",1
"264","s__Fusicatenibacter_saccharivorans","s__Sutterella_wadsworthensis",1
"265","s__Clostridium_bolteae","s__Ruthenibacterium_lactatiformans",1
"266","s__Clostridium_bolteae","s__Dialister_invisus",1
"267","s__Clostridium_saccharolyticum","s__Phascolarctobacterium_faecium",1
"268","s__Clostridium_symbiosum","s__Firmicutes_bacterium_CAG_94",1
"269","s__Clostridium_symbiosum","s__Dialister_invisus",1
"270","s__Lachnospira_pectinoschiza","s__Firmicutes_bacterium_AF16_15",1
"271","s__Lachnospira_pectinoschiza","s__Phascolarctobacterium_faecium",1
"272","s__Lachnospira_pectinoschiza","s__Parasutterella_excrementihominis",1
"273","s__Eubacterium_rectale","s__Roseburia_faecis",1
"274","s__Eubacterium_rectale","s__Roseburia_hominis",1
"275","s__Eubacterium_rectale","s__Roseburia_inulinivorans",1
"276","s__Eubacterium_rectale","s__Parasutterella_excrementihominis",1
"277","s__Roseburia_faecis","s__Roseburia_hominis",1
"278","s__Roseburia_faecis","s__Subdoligranulum_sp",1
"279","s__Roseburia_hominis","s__Roseburia_inulinivorans",1
"280","s__Roseburia_inulinivorans","s__Flavonifractor_plautii",1
"281","s__Roseburia_sp_CAG_100","s__Bilophila_wadsworthia",1
"282","s__Tyzzerella_sp","s__Oscillibacter_sp_57_20",1
"283","s__Tyzzerella_sp","s__Agathobaculum_butyriciproducens",1
"284","s__Tyzzerella_sp","s__Firmicutes_bacterium_CAG_56",1
"285","s__Tyzzerella_sp","s__Sutterella_wadsworthensis",1
"286","s__Oscillibacter_sp_57_20","s__Agathobaculum_butyriciproducens",1
"287","s__Oscillibacter_sp_57_20","s__Faecalibacterium_sp_CAG_74",1
"288","s__Oscillibacter_sp_57_20","s__Gemmiger_formicilis",1
"289","s__Oscillibacter_sp_57_20","s__Firmicutes_bacterium_CAG_41",1
"290","s__Oscillibacter_sp_57_20","s__Firmicutes_bacterium_CAG_56",1
"291","s__Oscillibacter_sp_57_20","s__Firmicutes_bacterium_CAG_83",1
"292","s__Oscillibacter_sp_CAG_241","s__Agathobaculum_butyriciproducens",1
"293","s__Oscillibacter_sp_CAG_241","s__Firmicutes_bacterium_CAG_56",1
"294","s__Oscillibacter_sp_CAG_241","s__Bilophila_wadsworthia",1
"295","s__Agathobaculum_butyriciproducens","s__Holdemania_filiformis",1
"296","s__Agathobaculum_butyriciproducens","s__Bilophila_wadsworthia",1
"297","s__Faecalibacterium_prausnitzii","s__Flavonifractor_plautii",1
"298","s__Flavonifractor_plautii","s__Ruthenibacterium_lactatiformans",1
"299","s__Gemmiger_formicilis","s__Ruminococcus_bromii",1
"300","s__Gemmiger_formicilis","s__Subdoligranulum_sp",1
"301","s__Gemmiger_formicilis","s__Subdoligranulum_sp_APC924_74",1
"302","s__Gemmiger_formicilis","s__Firmicutes_bacterium_CAG_41",1
"303","s__Clostridium_leptum","s__Akkermansia_muciniphila",1
"304","s__Ruminococcaceae_bacterium_KLE1738","s__Firmicutes_bacterium_AF16_15",1
"305","s__Ruminococcaceae_bacterium_KLE1738","s__Bilophila_wadsworthia",1
"306","s__Ruminococcus_bicirculans","s__Firmicutes_bacterium_CAG_56",1
"307","s__Ruminococcus_bicirculans","s__Parasutterella_excrementihominis",1
"308","s__Ruminococcus_bromii","s__Firmicutes_bacterium_AF16_15",1
"309","s__Ruminococcus_bromii","s__Firmicutes_bacterium_CAG_56",1
"310","s__Ruminococcus_bromii","s__Firmicutes_bacterium_CAG_65_45_313",1
"311","s__Ruminococcus_bromii","s__Phascolarctobacterium_faecium",1
"312","s__Ruminococcus_lactaris","s__Firmicutes_bacterium_CAG_83",1
"313","s__Ruminococcus_lactaris","s__Parasutterella_excrementihominis",1
"314","s__Ruminococcus_sp_CAG_177","s__Firmicutes_bacterium_AF16_15",1
"315","s__Ruminococcus_sp_CAG_177","s__Firmicutes_bacterium_CAG_65_45_313",1
"316","s__Ruthenibacterium_lactatiformans","s__Dielma_fastidiosa",1
"317","s__Ruthenibacterium_lactatiformans","s__Firmicutes_bacterium_CAG_103",1
"318","s__Subdoligranulum_sp","s__Firmicutes_bacterium_CAG_65_45_313",1
"319","s__Subdoligranulum_sp_APC924_74","s__Firmicutes_bacterium_AF16_15",1
"320","s__Subdoligranulum_sp_APC924_74","s__Firmicutes_bacterium_CAG_56",1
"321","s__Subdoligranulum_sp_APC924_74","s__Firmicutes_bacterium_CAG_65_45_313",1
"322","s__Subdoligranulum_sp_APC924_74","s__Phascolarctobacterium_faecium",1
"323","s__Dielma_fastidiosa","s__Firmicutes_bacterium_CAG_103",1
"324","s__Firmicutes_bacterium_CAG_114","s__Bilophila_wadsworthia",1
"325","s__Firmicutes_bacterium_CAG_41","s__Phascolarctobacterium_faecium",1
"326","s__Firmicutes_bacterium_CAG_56","s__Bilophila_wadsworthia",1
"327","s__Firmicutes_bacterium_CAG_65_45_313","s__Escherichia_coli",1
"328","s__Phascolarctobacterium_faecium","s__Parasutterella_excrementihominis",1
"329","s__Veillonella_parvula","s__Haemophilus_parainfluenzae",1
