"SID","GROUP"
"SRR6468641","Control"
"SRR6468642","Control"
"SRR6468643","Control"
"SRR6468644","Control"
"SRR6468503","Control"
"SRR6468646","Control"
"SRR6468647","Control"
"SRR6468648","Control"
"SRR6468649","Control"
"SRR6468650","Control"
"SRR6468545","Control"
"SRR6468546","Control"
"SRR6468547","Control"
"SRR6468548","Control"
"SRR6468541","Control"
"SRR6468542","Control"
"SRR6468543","Control"
"SRR6468544","Control"
"SRR6468549","Control"
"SRR6468550","Control"
"SRR6468578","Control"
"SRR6468577","Control"
"SRR6468580","CD"
"SRR6468579","CD"
"SRR6468582","CD"
"SRR6468581","CD"
"SRR6468586","CD"
"SRR6468585","CD"
"SRR6468601","CD"
"SRR6468602","CD"
"SRR6468599","CD"
"SRR6468600","UC"
"SRR6468606","CD"
"SRR6468603","CD"
"SRR6468604","Control"
"SRR6468607","CD"
"SRR6468608","CD"
"SRR6468631","UC"
"SRR6468655","CD"
"SRR6468652","CD"
"SRR6468628","Control"
"SRR6468627","UC"
"SRR6468626","Control"
"SRR6468625","Control"
"SRR6468680","Control"
"SRR6468674","Control"
"SRR6468597","Control"
"SRR6468598","Control"
"SRR6468656","Control"
"SRR6468671","CD"
"SRR6468657","Control"
"SRR6468659","Control"
"SRR6468660","Control"
"SRR6468621","Control"
"SRR6468622","Control"
"SRR6468679","Control"
"SRR6468678","Control"
"SRR6468681","Control"
"SRR6468528","Control"
"SRR6468502","CD"
"SRR6468677","CD"
"SRR6468673","Control"
"SRR6468700","CD"
"SRR6468701","CD"
"SRR6468698","UC"
"SRR6468699","UC"
"SRR6468696","UC"
"SRR6468697","UC"
"SRR6468695","Control"
"SRR6468523","Control"
"SRR6468522","Control"
"SRR6468521","CD"
"SRR6468520","CD"
"SRR6468527","CD"
"SRR6468526","CD"
"SRR6468525","CD"
"SRR6468524","UC"
"SRR6468563","CD"
"SRR6468623","CD"
"SRR6468624","UC"
"SRR6468559","CD"
"SRR6468560","CD"
"SRR6468562","UC"
"SRR6468609","CD"
"SRR6468610","CD"
"SRR6468590","CD"
"SRR6468589","UC"
"SRR6468588","UC"
"SRR6468587","UC"
"SRR6468593","UC"
"SRR6468592","CD"
"SRR6468596","CD"
"SRR6468595","CD"
"SRR6468571","CD"
"SRR6468572","CD"
"SRR6468574","CD"
"SRR6468567","Control"
"SRR6468568","CD"
"SRR6468569","CD"
"SRR6468570","UC"
"SRR6468575","CD"
"SRR6468640","CD"
"SRR6468633","UC"
"SRR6468636","UC"
"SRR6468635","UC"
"SRR6468630","UC"
"SRR6468620","CD"
"SRR6468617","Control"
"SRR6468615","Control"
"SRR6468616","Control"
"SRR6468613","Control"
"SRR6468614","Control"
"SRR6468611","UC"
"SRR6468689","Control"
"SRR6468688","UC"
"SRR6468687","Control"
"SRR6468686","Control"
"SRR6468685","CD"
"SRR6468684","UC"
"SRR6468683","CD"
"SRR6468663","UC"
"SRR6468664","UC"
"SRR6468665","CD"
"SRR6468666","CD"
"SRR6468667","UC"
"SRR6468668","UC"
"SRR6468653","CD"
"SRR6468505","CD"
"SRR6468504","UC"
"SRR6468507","CD"
"SRR6468509","UC"
"SRR6468508","UC"
"SRR6468513","UC"
"SRR6468512","UC"
"SRR6468704","UC"
"SRR6468705","UC"
"SRR6468703","UC"
"SRR6468706","Control"
"SRR6468537","UC"
"SRR6468566","CD"
"SRR6468711","CD"
"SRR6468534","CD"
"SRR6468713","CD"
"SRR6468532","UC"
"SRR6468565","CD"
"SRR6468707","CD"
"SRR6468517","CD"
"SRR6468670","CD"
"SRR6468557","CD"
"SRR6468645","CD"
"SRR6468710","UC"
"SRR6468669","CD"
"SRR6468518","CD"
"SRR6468539","CD"
"SRR6468536","UC"
"SRR6468535","UC"
"SRR6468552","CD"
"SRR6468551","CD"
"SRR6468500","UC"
"SRR6468714","UC"
"SRR6468715","UC"
"SRR6468540","UC"
"SRR6468515","UC"
"SRR6468514","CD"
"SRR6468555","CD"
"SRR6468712","CD"
"SRR6468651","CD"
"SRR6468533","UC"
"SRR6468553","UC"
"SRR6468538","UC"
"SRR6468716","UC"
